name,symbol,country,industry,Market Capitalization,Total Revenue ,Shares Outstanding (mm)
Airoha Technology Corp. ,6526.TWO,Taiwan,Semiconductors,2571,458,146
Nakanishi Inc. ,7716.TSE,Japan,Health Care Equipment,2023,363,85
Toho Gas Co. Ltd. ,9533.TSE,Japan,Gas Utilities,1841,4958,105
LEENO Industrial Inc. ,058470.KQ,South Korea,Semiconductors,1715,202,15
Fuji Kyuko Co. Ltd. ,9010.TSE,Japan,Leisure Facilities,1666,312,53
Frontier Real Estate Investment Corporation ,8964.TSE,Japan,Retail REITs,1659,159,1
STARLUX Airlines Co. Ltd. ,2646.TWO,Taiwan,Passenger Airlines,1524,405,2089
SMS Co. Ltd. ,2175.TSE,Japan,Human Resource and Employment Services,1449,334,88
Tokai Rika Co. Ltd. ,6995.TSE,Japan,Automotive Parts and Equipment,1443,3990,91
GS Yuasa Corporation ,6674.TSE,Japan,Electrical Components and Equipment,1442,3644,81
Aica Kogyo Company Limited ,4206.TSE,Japan,Specialty Chemicals,1439,1666,64
Sumitomo Pharma Co. Ltd. ,4506.TSE,Japan,Pharmaceuticals,1438,3260,397
Sanken Electric Co. Ltd. ,6707.TSE,Japan,Semiconductors,1414,1630,24
Nippon Kayaku Co. Ltd. ,4272.TSE,Japan,Specialty Chemicals,1411,1374,166
Daiei Kankyo Co. Ltd. ,9336.TSE,Japan,Environmental and Facilities Services,1407,477,100
Farglory Land Development Co. Ltd. ,5522.TW,Taiwan,Real Estate Development,1403,694,782
Caregen Co. Ltd. ,214370.KQ,South Korea,Pharmaceuticals,1400,61,49
Toho Holdings Co. Ltd. ,8129.TSE,Japan,Health Care Distributors,1380,9796,65
SHINSEGAE Inc. ,004170.KO,South Korea,Broadline Retail,1380,5549,10
SKY Perfect JSAT Holdings Inc. ,9412.TSE,Japan,Cable and Satellite,1367,846,289
Pilot Corporation ,7846.TSE,Japan,Office Services and Supplies,1363,808,39
Doosan Corporation ,000150.KO,South Korea,Industrial Conglomerates,1355,14131,18
Lotte Energy Materials Corporation ,020150.KO,South Korea,Electronic Components,1354,534,46
LOTTE Corporation ,004990.KO,South Korea,Industrial Conglomerates,1349,11241,72
Hansol Chemical Co. Ltd. ,014680.KO,South Korea,Specialty Chemicals,1347,626,11
KCC Corporation ,002380.KO,South Korea,Diversified Chemicals,1338,4961,7
FP Corporation ,7947.TSE,Japan,Metal Glass and Plastic Containers,1331,1488,82
Japan Elevator Service Holdings Co.Ltd. ,6544.TSE,Japan,Diversified Support Services,1331,253,89
Formosa Taffeta Co. Ltd. ,1434.TW,Taiwan,Textiles,1330,1008,1683
United Integrated Services Co. Ltd. ,2404.TW,Taiwan,Construction and Engineering,1325,2104,188
Hanwha Corporation ,000880.KO,South Korea,Industrial Conglomerates,1316,48897,74
Nishi-Nippon Railroad Co. Ltd. ,9031.TSE,Japan,Rail Transportation,1312,3261,79
Soulbrain Co. Ltd. ,357780.KQ,South Korea,Specialty Chemicals,1312,758,8
Tokyo Steel Manufacturing Co. Ltd. ,5423.TSE,Japan,Steel,1299,2582,111
Takasago Thermal Engineering Co. Ltd. ,1969.TSE,Japan,Building Products,1297,2385,66
Sakata Seed Corporation ,1377.TSE,Japan,Agricultural Products and Services,1296,553,44
JustSystems Corporation ,4686.TSE,Japan,Application Software,1295,289,64
Organo Corporation ,6368.TSE,Japan,Industrial Machinery and Supplies and Components,1281,928,46
FADU Inc. ,440110.KQ,South Korea,Semiconductors,1271,48,49
Aiful Corporation ,8515.TSE,Japan,Consumer Finance,1260,1025,484
JACCS Co. Ltd. ,8584.TSE,Japan,Consumer Finance,1228,1230,35
Inaba Denki Sangyo Co.Ltd. ,9934.TSE,Japan,Trading Companies and Distributors,1212,2237,56
Solum Co. Ltd. ,248070.KO,South Korea,Electronic Components,1110,1509,49
Hoshino Resorts REIT Inc. ,3287.TSE,Japan,Hotel and Resort REITs,1105,89,0
Osaka Soda Co. Ltd. ,4046.TSE,Japan,Specialty Chemicals,1104,703,25
China Petrochemical Development Corporation ,1314.TW,Taiwan,Commodity Chemicals,1103,694,3785
NIPPON REIT Investment Corporation ,3296.TSE,Japan,Diversified REITs,1078,120,1
Cosmax Inc. ,192820.KO,South Korea,Personal Care Products,1078,1275,11
Orient Semiconductor Electronics Limited ,2329.TW,Taiwan,Semiconductors,1077,470,826
ARIAKE JAPAN Co. Ltd. ,2815.TSE,Japan,Packaged Foods and Meats,1073,388,32
Aeon Delight Co. Ltd. ,9787.TSE,Japan,Environmental and Facilities Services,1072,2227,49
Makino Milling Machine Co. Ltd. ,6135.TSE,Japan,Industrial Machinery and Supplies and Components,1062,1628,24
Kureha Corporation ,4023.TSE,Japan,Commodity Chemicals,1060,1285,19
SENKO Group Holdings Co. Ltd. ,9069.TSE,Japan,Air Freight and Logistics,1058,4975,150
Simplex Holdings Inc. ,4373.TSE,Japan,IT Consulting and Other Services,1050,251,58
Fitipower Integrated Technology Inc. ,4961.TW,Taiwan,Semiconductors,1041,533,121
Kissei Pharmaceutical Co. Ltd. ,4547.TSE,Japan,Pharmaceuticals,1040,488,46
Eternal Materials Co. Ltd. ,1717.TW,Taiwan,Commodity Chemicals,1037,1408,1178
Hugel Inc. ,145020.KQ,South Korea,Biotechnology,1035,229,11
HannStar Display Corporation ,6116.TW,Taiwan,Electronic Components,1030,439,2859
ITEQ Corporation ,6213.TW,Taiwan,Electronic Components,1028,799,363
Round One Corporation ,4680.TSE,Japan,Leisure Facilities,1028,1017,269
SD Biosensor Inc ,137310.KO,South Korea,Health Care Supplies,1027,830,122
ENNOSTAR Inc. ,3714.TW,Taiwan,Semiconductors,1025,742,752
Ain Holdings Inc. ,9627.TSE,Japan,Drug Retail,1023,2617,35
Ennoconn Corporation ,6414.TW,Taiwan,Technology Hardware Storage and Peripherals,1014,3771,124
Shiny Chemical Industrial Co. Ltd. ,1773.TW,Taiwan,Specialty Chemicals,1013,323,250
The Monogatari Corporation ,3097.TSE,Japan,Restaurants,1009,638,36
Taikisha Ltd. ,1979.TSE,Japan,Construction and Engineering,1009,1602,33
Chung Hung Steel Corporation ,2014.TW,Taiwan,Steel,1005,1133,1436
Mitsubishi Logisnext Co. Ltd. ,7105.TSE,Japan,Construction Machinery and Heavy Transportation Equipment,1005,4470,107
YUNSUNG F&C Co.Ltd ,372170.KQ,South Korea,Industrial Machinery and Supplies and Components,1005,170,8
Komeri Co.Ltd. ,8218.TSE,Japan,Home Improvement Retail,1004,2600,48
Sercomm Corporation ,5388.TW,Taiwan,Communications Equipment,999,2182,262
AcBel Polytech Inc. ,6282.TW,Taiwan,Electrical Components and Equipment,996,726,734
Primax Electronics Ltd. ,4915.TW,Taiwan,Electronic Manufacturing Services,995,2304,463
LX Semicon Co. Ltd. ,108320.KO,South Korea,Semiconductors,995,1451,16
Topco Scientific Co.Ltd. ,5434.TW,Taiwan,Semiconductor Materials and Equipment,993,1659,189
SAN-A CO.LTD. ,2659.TSE,Japan,Food Retail,992,1560,31
SungEel HiTech Co. Ltd. ,365340.KQ,South Korea,Environmental and Facilities Services,991,220,12
Xintec Inc. ,3374.TWO,Taiwan,Semiconductors,990,213,271
EDION Corporation ,2730.TSE,Japan,Computer and Electronics Retail,987,4957,98
Capital Securities Corporation ,6005.TW,Taiwan,Investment Banking and Brokerage,984,294,2171
H.U. Group Holdings Inc. ,4544.TSE,Japan,Health Care Services,979,1744,57
Elecom Co. Ltd. ,6750.TSE,Japan,Technology Hardware Storage and Peripherals,969,718,84
Chunbo Co. Ltd. ,278280.KQ,South Korea,Specialty Chemicals,959,200,10
Belc CO. LTD. ,9974.TSE,Japan,Food Retail,959,2288,21
Taiyo Holdings Co. Ltd. ,4626.TSE,Japan,Specialty Chemicals,958,660,56
Chang Wah Technology Co. Ltd. ,6548.TWO,Taiwan,Semiconductor Materials and Equipment,956,412,927
Tsubakimoto Chain Co. ,6371.TSE,Japan,Industrial Machinery and Supplies and Components,956,1768,37
Anritsu Corporation ,6754.TSE,Japan,Electronic Equipment and Instruments,953,743,132
Riken Keiki Co. Ltd. ,7734.TSE,Japan,Electronic Equipment and Instruments,951,316,23
Tokyo Kiraboshi Financial Group Inc. ,7173.TSE,Japan,Regional Banks,951,843,30
YONEX Co. Ltd. ,7906.TSE,Japan,Leisure Products,948,770,87
JUSUNG ENGINEERING Co.Ltd. ,036930.KQ,South Korea,Semiconductor Materials and Equipment,946,237,48
Juroku Financial GroupInc. ,7380.TSE,Japan,Regional Banks,943,751,36
GungHo Online Entertainment Inc. ,3765.TSE,Japan,Interactive Home Entertainment,943,875,60
Taiwan Hon Chuan Enterprise Co. Ltd. ,9939.TW,Taiwan,Metal Glass and Plastic Containers,943,828,288
Taiwan Cogeneration Corporation ,8926.TW,Taiwan,Independent Power Producers and Energy Traders,938,172,730
Hokkaido Electric Power Company Incorporated ,9509.TSE,Japan,Electric Utilities,935,6506,205
The Nisshin OilliO GroupLtd. ,2602.TSE,Japan,Packaged Foods and Meats,933,3784,32
Coretronic Corporation ,5371.TWO,Taiwan,Electronic Equipment and Instruments,933,1389,391
TXC Corporation ,3042.TW,Taiwan,Electronic Components,931,358,310
Center Laboratories Inc. ,4123.TWO,Taiwan,Pharmaceuticals,931,34,654
Ottogi Corporation ,007310.KO,South Korea,Packaged Foods and Meats,927,2553,3
Milbon Co. Ltd. ,4919.TSE,Japan,Personal Care Products,924,321,33
EirGenix Inc. ,6589.TWO,Taiwan,Life Sciences Tools and Services,923,37,305
Ricoh Leasing Company Ltd. ,8566.TSE,Japan,Specialized Finance,922,2075,31
Evergreen Steel Corp. ,2211.TW,Taiwan,Steel,920,345,417
SK Networks Company Limited ,001740.KO,South Korea,Trading Companies and Distributors,919,7327,204
Paramount Bed Holdings Co. Ltd. ,7817.TSE,Japan,Health Care Equipment,918,696,58
Star Asia Investment Corporation ,3468.TSE,Japan,Diversified REITs,918,100,2
Kura SushiInc. ,2695.TSE,Japan,Restaurants,917,1431,40
Daejoo Electronic Materials Co. Ltd. ,078600.KQ,South Korea,Electronic Components,912,122,15
Fuso Chemical Co.Ltd. ,4368.TSE,Japan,Specialty Chemicals,911,447,35
Hyosung Corporation ,004800.KO,South Korea,Industrial Conglomerates,910,2727,20
Mezzion Pharma Co.Ltd. ,140410.KQ,South Korea,Pharmaceuticals,908,24,30
Global Brands Manufacture Ltd. ,6191.TW,Taiwan,Electronic Components,906,750,471
Nippon Densetsu Kogyo Co. Ltd. ,1950.TSE,Japan,Construction and Engineering,904,1212,62
SIMMTECH Co. Ltd. ,222800.KQ,South Korea,Semiconductor Materials and Equipment,901,957,32
Ferrotec Holdings Corporation ,6890.TSE,Japan,Semiconductor Materials and Equipment,901,1519,47
Lotte Chilsung Beverage Co. Ltd. ,005300.KO,South Korea,Soft Drinks and Non-alcoholic Beverages,896,2224,10
Chudenko Corporation ,1941.TSE,Japan,Construction and Engineering,895,1322,55
POSCO M-TECH Co. Ltd. ,009520.KQ,South Korea,Steel,893,246,42
Tsuburaya Fields Holdings Inc. ,2767.TSE,Japan,Leisure Products,892,963,65
Universal Vision Biotechnology Co. Ltd. ,3218.TWO,Taiwan,Health Care Services,884,125,85
Kaken Pharmaceutical Co. Ltd. ,4521.TSE,Japan,Pharmaceuticals,884,505,38
Future Corporation ,4722.TSE,Japan,IT Consulting and Other Services,883,388,89
Flexium Interconnect Inc. ,6269.TW,Taiwan,Electronic Components,882,1267,323
Ichigo Office REIT Investment Corporation ,8975.TSE,Japan,Office REITs,882,148,2
Waffer Technology Corporation ,6235.TW,Taiwan,Industrial Machinery and Supplies and Components,881,163,193
Hokkoku Financial Holdings Inc. ,7381.TSE,Japan,Regional Banks,881,427,24
West Holdings Corporation ,1407.TSE,Japan,Renewable Electricity,881,323,41
HK inno.N Corporation ,195940.KQ,South Korea,Pharmaceuticals,880,585,28
GS Engineering & Construction Corporation ,006360.KO,South Korea,Construction and Engineering,879,10541,85
Silicon Integrated Systems Corp. ,2363.TW,Taiwan,Semiconductors,879,5,750
ROYAL HOLDINGS Co. Ltd. ,8179.TSE,Japan,Restaurants,879,838,49
Max Co. Ltd. ,6454.TSE,Japan,Industrial Machinery and Supplies and Components,878,589,47
CJ ENM CO. Ltd. ,035760.KQ,South Korea,Movies and Entertainment,872,3523,21
Toho Titanium Co. Ltd. ,5727.TSE,Japan,Diversified Metals and Mining,870,529,71
USEN-NEXT HOLDINGS Co.Ltd. ,9418.TSE,Japan,Alternative Carriers,869,1899,39
Caliway Biopharmaceuticals Co. Ltd. ,6919.TWO,Taiwan,Pharmaceuticals,869,1,62
Nihon Parkerizing Co. Ltd. ,4095.TSE,Japan,Specialty Chemicals,869,834,115
M31 Technology Corporation ,6643.TWO,Taiwan,Semiconductors,867,47,35
Nitto Boseki Co. Ltd. ,3110.TSE,Japan,Building Products,865,581,36
Nojima Corporation ,7419.TSE,Japan,Computer and Electronics Retail,865,4581,98
Hyundai Bioscience Co. Ltd. ,048410.KQ,South Korea,Personal Care Products,864,8,40
Kolmar Korea Co. Ltd. ,161890.KO,South Korea,Personal Care Products,863,1549,23
ISU Specialty Chemical Co. Ltd. ,457190.KO,South Korea,Specialty Chemicals,862,-,6
Takara Standard Co.Ltd. ,7981.TSE,Japan,Building Products,860,1593,69
Japan Securities Finance Co. Ltd. ,8511.TSE,Japan,Specialized Finance,860,312,86
YG Entertainment Inc. ,122870.KQ,South Korea,Movies and Entertainment,859,422,19
Auras Technology Co. Ltd. ,3324.TWO,Taiwan,Technology Hardware Storage and Peripherals,853,406,86
Funai Soken Holdings Incorporated ,9757.TSE,Japan,Research and Consulting Services,849,185,49
Formosa International Hotels Corporation ,2707.TW,Taiwan,Hotels Resorts and Cruise Lines,847,208,127
Pegavision Corporation ,6491.TW,Taiwan,Health Care Supplies,846,208,70
ChipMOS TECHNOLOGIES INC. ,8150.TW,Taiwan,Semiconductors,845,641,727
Chong Kun Dang Pharmaceutical Corp. ,185750.KO,South Korea,Pharmaceuticals,841,1171,12
KYB Corporation ,7242.TSE,Japan,Automotive Parts and Equipment,841,3030,25
Microbio Co. Ltd. ,4128.TWO,Taiwan,Personal Care Products,840,51,560
Toyo Ink SC Holdings Co. Ltd. ,4634.TSE,Japan,Specialty Chemicals,839,2178,53
FuSheng Precision Co. Ltd. ,6670.TW,Taiwan,Leisure Products,838,943,133
Taiwan Surface Mounting Technology Corp. ,6278.TW,Taiwan,Electronic Components,835,1814,292
DAIHEN Corporation ,6622.TSE,Japan,Heavy Electrical Equipment,835,1272,25
EnTie Commercial Bank Co. Ltd. ,2849.TW,Taiwan,Diversified Banks,833,96,1958
Shoei Co. Ltd. ,7839.TSE,Japan,Automotive Parts and Equipment,833,224,54
Tokai Tokyo Financial Holdings Inc. ,8616.TSE,Japan,Investment Banking and Brokerage,832,502,249
Aichi Financial Group Inc. ,7389.TSE,Japan,Regional Banks,831,504,49
Takuma Co. Ltd. ,6013.TSE,Japan,Industrial Machinery and Supplies and Components,831,979,80
Shinsung Delta Tech Co.Ltd. ,065350.KQ,South Korea,Electrical Components and Equipment,828,626,27
Dongwon Industries Co. Ltd. ,006040.KO,South Korea,Packaged Foods and Meats,824,6905,36
Zojirushi Corporation ,7965.TSE,Japan,Household Appliances,815,601,68
Sigurd Microelectronics Corporation ,6257.TW,Taiwan,Semiconductors,814,522,457
Innodisk Corporation ,5289.TWO,Taiwan,Technology Hardware Storage and Peripherals,814,290,88
TOKAI Holdings Corporation ,3167.TSE,Japan,Industrial Conglomerates,812,1607,131
Noritsu Koki Co. Ltd. ,7744.TSE,Japan,Industrial Conglomerates,805,577,36
Mochida Pharmaceutical Co. Ltd. ,4534.TSE,Japan,Pharmaceuticals,804,694,36
Okaya & Co. Ltd. ,7485.NSE,Japan,Steel,792,7199,10
Cyber Power Systems Inc. ,3617.TW,Taiwan,Electrical Components and Equipment,791,370,88
ITE Tech. Inc ,3014.TW,Taiwan,Semiconductors,785,169,161
Iino Kaiun Kaisha Ltd. ,9119.TSE,Japan,Marine Transportation,781,972,106
DukSan Neolux Co.Ltd ,213420.KQ,South Korea,Semiconductors,777,127,25
AAEON Technology Inc. ,6579.TW,Taiwan,Technology Hardware Storage and Peripherals,774,266,160
Cathay No.1 REIT (01002.TW),01002.TW,Taiwan,Diversified REITs,772,25,1393
Huaku Development Co. Ltd. ,2548.TW,Taiwan,Real Estate Development,772,271,277
Pan German Universal Motors Ltd. ,2247.TW,Taiwan,Automotive Retail,771,1571,81
Kintetsu Department Store Co. Ltd. ,8244.TSE,Japan,Broadline Retail,770,786,40
ispace inc. ,9348.TSE,Japan,Aerospace and Defense,769,7,82
Shinkong Synthetic Fibers Corporation ,1409.TW,Taiwan,Commodity Chemicals,767,1271,1614
Financial Products Group Co. Ltd. ,7148.TSE,Japan,Specialized Finance,767,413,85
Shin Kong No. 1 REIT (01003.TW),01003.TW,Taiwan,Diversified REITs,764,25,1130
OSAKA Titanium technologies Co.Ltd. ,5726.TSE,Japan,Diversified Metals and Mining,764,324,37
CHA Biotech Co. Ltd. ,085660.KQ,South Korea,Health Care Facilities,762,699,56
Plus Alpha Consulting Co.Ltd. ,4071.TSE,Japan,Application Software,760,55,42
LX International Corp. ,001120.KO,South Korea,Trading Companies and Distributors,758,12119,36
Tainan Spinning Co. Ltd. ,1440.TW,Taiwan,Textiles,756,676,1657
DEAR U Co. LTD. ,376300.KQ,South Korea,Application Software,754,47,24
Ai Holdings Corporation ,3076.TSE,Japan,Electronic Equipment and Instruments,752,321,47
MITSUI-SOKO HOLDINGS Co. Ltd. ,9302.TSE,Japan,Air Freight and Logistics,751,1994,25
WON TECH Co.Ltd. ,336570.KQ,South Korea,Health Care Equipment,748,79,88
Episil Technologies Inc. ,3707.TWO,Taiwan,Semiconductors,747,263,333
Tokyotokeiba Co.Ltd. ,9672.TSE,Japan,Leisure Facilities,746,250,27
Torii Pharmaceutical Co. Ltd. ,4551.TSE,Japan,Pharmaceuticals,744,356,28
Medigen Vaccine Biologics Corporation ,6547.TWO,Taiwan,Biotechnology,742,1,328
Grand Korea Leisure Co. Ltd. ,114090.KO,South Korea,Casinos and Gaming,742,286,62
Shinfox Energy Co. Ltd. ,6806.TW,Taiwan,Renewable Electricity,742,176,216
Wafer Works Corporation ,6182.TWO,Taiwan,Semiconductor Materials and Equipment,741,378,542
Seegene Inc. ,096530.KQ,South Korea,Biotechnology,740,341,47
Earth Corporation ,4985.TSE,Japan,Household Products,740,1061,22
MCJ Co. Ltd. ,6670.TSE,Japan,Technology Hardware Storage and Peripherals,739,1286,98
NAGAWA Co. Ltd. ,9663.TSE,Japan,Homebuilding,734,220,16
Tokyo Electron Device Limited ,2760.TSE,Japan,Technology Distributors,732,1720,30
WinWay Technology Co. Ltd. ,6515.TW,Taiwan,Semiconductor Materials and Equipment,732,170,35
Mercuries Life Insurance Company Ltd. ,2867.TW,Taiwan,Life and Health Insurance,731,2618,4600
LegoChem Biosciences Inc. ,141080.KQ,South Korea,Life Sciences Tools and Services,725,27,27
San-Ai Obbli Co. Ltd. ,8097.TSE,Japan,Oil and Gas Refining and Marketing,725,4454,66
Gloria Material Technology Corp. ,5009.TWO,Taiwan,Steel,725,434,514
Hana Materials Inc. ,166090.KQ,South Korea,Semiconductor Materials and Equipment,725,244,20
Allied Supreme Corp. ,4770.TW,Taiwan,Specialty Chemicals,724,203,80
Nohmi Bosai Ltd. ,6744.TSE,Japan,Electronic Equipment and Instruments,723,739,60
TKP Corporation ,3479.TSE,Japan,Real Estate Operating Companies,720,332,42
BML Inc. ,4694.TSE,Japan,Health Care Services,719,1067,39
Shin-Etsu Polymer Co.Ltd. ,7970.TSE,Japan,Commodity Chemicals,719,758,81
Quanta Storage Inc. ,6188.TWO,Taiwan,Technology Hardware Storage and Peripherals,718,366,278
Musashi Seimitsu Industry Co. Ltd. ,7220.TSE,Japan,Automotive Parts and Equipment,718,2213,65
Nichiha Corporation ,7943.TSE,Japan,Building Products,717,960,36
Yodogawa Steel Works Ltd. ,5451.TSE,Japan,Steel,716,1478,29
NEXON Games Co. Ltd. ,225570.KQ,South Korea,Interactive Home Entertainment,714,140,64
Lotte Wellfood Co.Ltd ,280360.KO,South Korea,Packaged Foods and Meats,713,3136,9
Foosung Co. Ltd. ,093370.KO,South Korea,Commodity Chemicals,712,452,94
Nippon Light Metal Holdings Company Ltd. ,5703.TSE,Japan,Aluminum,711,3570,62
Systena Corporation ,2317.TSE,Japan,Application Software,708,523,387
Mitsubishi Pencil Co. Ltd. ,7976.TSE,Japan,Office Services and Supplies,708,494,54
Roland Corporation ,7944.TSE,Japan,Leisure Products,708,684,25
Yamazen Corporation ,8051.TSE,Japan,Trading Companies and Distributors,707,3599,89
EIZO Corporation ,6737.TSE,Japan,Technology Hardware Storage and Peripherals,707,564,21
Kinpo Electronics Inc. ,2312.TW,Taiwan,Technology Hardware Storage and Peripherals,706,5730,1477
HAESUNG DS Co. Ltd. ,195870.KO,South Korea,Semiconductor Materials and Equipment,705,604,17
NOMURA Co. Ltd. ,9716.TSE,Japan,Research and Consulting Services,704,813,111
Fulgent Sun International (Holding) Co. Ltd. ,9802.TW,Taiwan,Footwear,703,742,190
Bengo4.comInc. ,6027.TSE,Japan,Interactive Media and Services,703,63,22
Hiday Hidaka Corp. ,7611.TSE,Japan,Restaurants,701,296,38
ECOVE Environment Corp. ,6803.TWO,Taiwan,Environmental and Facilities Services,700,242,71
Ryosan Company Limited ,8140.TSE,Japan,Technology Distributors,698,2240,23
Leopalace21 Corporation ,8848.TSE,Japan,Real Estate Operating Companies,698,2846,319
DOUTOR NICHIRES Holdings Co. Ltd. ,3087.TSE,Japan,Restaurants,697,941,44
Myoung Shin Industrial Co.Ltd ,009900.KO,South Korea,Automotive Parts and Equipment,697,1354,53
Century Wind Power Co. Ltd. ,2072.TWO,Taiwan,Construction and Engineering,697,121,120
Kinik Company ,1560.TW,Taiwan,Industrial Machinery and Supplies and Components,691,210,144
Depo Auto Parts Industrial Co. Ltd. ,6605.TW,Taiwan,Automotive Parts and Equipment,690,578,166
Youngone Holdings Co. Ltd. ,009970.KO,South Korea,Apparel Accessories and Luxury Goods,689,3589,12
HLB Life Science Co. Ltd. ,067630.KQ,South Korea,Health Care Distributors,689,91,102
Showa Sangyo Co. Ltd. ,2004.TSE,Japan,Packaged Foods and Meats,689,2380,33
Delpha Construction Co.Ltd. ,2530.TW,Taiwan,Real Estate Operating Companies,687,50,840
Totetsu Kogyo Co. Ltd. ,1835.TSE,Japan,Construction and Engineering,687,882,34
Sakai Moving Service Co.Ltd. ,9039.TSE,Japan,Cargo Ground Transportation,687,768,41
Continental Holdings Corporation ,3703.TW,Taiwan,Construction and Engineering,685,919,823
Hanssem Co. Ltd. ,009240.KO,South Korea,Home Furnishings,685,1488,17
Wah Lee Industrial Corporation ,3010.TW,Taiwan,Technology Distributors,682,2126,236
Lake Materials Co. Ltd. ,281740.KQ,South Korea,Commodity Chemicals,682,98,66
Daishin Securities Co.Ltd ,003540.KO,South Korea,Investment Banking and Brokerage,681,2065,66
Poongsan Corporation ,103140.KO,South Korea,Diversified Metals and Mining,681,3221,27
Lutronic Corporation ,085370.KQ,South Korea,Health Care Equipment,680,207,25
TOWA Corporation ,6315.TSE,Japan,Semiconductor Materials and Equipment,679,337,25
ORION Holdings Corp. ,001800.KO,South Korea,Packaged Foods and Meats,678,2303,60
Jeisys Medical Inc. ,287410.KQ,South Korea,Health Care Equipment,678,95,76
AfreecaTV Co. Ltd. ,067160.KQ,South Korea,Interactive Media and Services,677,244,11
The Kiyo Bank Ltd. ,8370.TSE,Japan,Regional Banks,676,509,65
Ryobi Limited ,5851.TSE,Japan,Industrial Machinery and Supplies and Components,676,1838,32
Lian Hwa Foods Corporation ,1231.TW,Taiwan,Packaged Foods and Meats,676,353,247
Tri Chemical Laboratories Inc. ,4369.TSE,Japan,Semiconductor Materials and Equipment,676,91,33
Raito Kogyo Co. Ltd. ,1926.TSE,Japan,Construction and Engineering,675,808,49
Advanced Echem Materials Company Limited ,4749.TWO,Taiwan,Semiconductors,675,81,81
Gongwin Biopharm Holdings Co. Ltd. ,6617.TWO,Taiwan,Biotechnology,672,0,113
GREE Inc. ,3632.TSE,Japan,Interactive Home Entertainment,671,522,171
Handa Pharmaceuticals Inc. ,6620.TWO,Taiwan,Pharmaceuticals,670,23,140
OCI Company Ltd. ,456040.KO,South Korea,Diversified Chemicals,669,-,7
Shibaura Machine Co.Ltd. ,6104.TSE,Japan,Industrial Machinery and Supplies and Components,669,909,24
Chong Hong Construction Co. Ltd. ,5534.TW,Taiwan,Diversified Real Estate Activities,668,153,290
Wowprime Corp. ,2727.TW,Taiwan,Restaurants,668,677,82
Hioki E.E. Corporation ,6866.TSE,Japan,Electronic Equipment and Instruments,667,269,14
CSBC Corporation ,2208.TW,Taiwan,Construction Machinery and Heavy Transportation Equipment,662,754,934
Alpha Networks Inc. ,3380.TW,Taiwan,Communications Equipment,662,1094,542
Zeria Pharmaceutical Co. Ltd. ,4559.TSE,Japan,Pharmaceuticals,661,487,44
ARTERIA Networks Corporation ,4423.TSE,Japan,Alternative Carriers,660,418,50
Taiwan Semiconductor Co. Ltd. ,5425.TWO,Taiwan,Semiconductors,660,493,249
TCI Co. Ltd. ,8436.TWO,Taiwan,Personal Care Products,660,249,118
Iriso Electronics Co. Ltd. ,6908.TSE,Japan,Electronic Components,658,370,24
Advanced Wireless Semiconductor Company ,8086.TWO,Taiwan,Semiconductor Materials and Equipment,656,59,197
Sinyi Realty Inc. ,9940.TW,Taiwan,Real Estate Services,656,464,737
National Petroleum Co. Ltd. ,9937.TW,Taiwan,Automotive Retail,655,780,309
Hankyu Hanshin REIT Inc. ,8977.TSE,Japan,Diversified REITs,653,83,1
Kanamoto Co.Ltd. ,9678.TSE,Japan,Trading Companies and Distributors,652,1367,36
AIC Inc. ,3693.TWO,Taiwan,Technology Hardware Storage and Peripherals,652,219,39
SeAH Besteel Holdings Corporation ,001430.KO,South Korea,Steel,651,3337,36
F.C.C. Co. Ltd. ,7296.TSE,Japan,Automotive Parts and Equipment,650,1570,50
Innocean Worldwide Inc. ,214320.KO,South Korea,Advertising,649,1484,20
Nishimatsuya Chain Co. Ltd. ,7545.TSE,Japan,Apparel Retail,649,1195,60
Tamron Co.Ltd. ,7740.TSE,Japan,Consumer Electronics,648,446,21
Koshidaka Holdings Co. Ltd. ,2157.TSE,Japan,Leisure Facilities,647,365,82
Dongwon Systems Corporation ,014820.KO,South Korea,Metal Glass and Plastic Containers,646,1056,29
Raysum Co. Ltd. ,8890.TSE,Japan,Diversified Real Estate Activities,646,530,29
Everlight Electronics Co. Ltd. ,2393.TW,Taiwan,Semiconductors,646,581,443
JW Pharmaceutical Corporation ,001060.KO,South Korea,Pharmaceuticals,646,548,23
The Awa Bank Ltd. ,8388.TSE,Japan,Regional Banks,646,525,41
en-japan inc. ,4849.TSE,Japan,Human Resource and Employment Services,645,473,41
Geo Holdings Corporation ,2681.TSE,Japan,Other Specialty Retail,644,2785,40
Ability Opto-Electronics Technology Co.Ltd. ,3362.TWO,Taiwan,Electronic Components,644,112,143
Nachi-Fujikoshi Corp. ,6474.TSE,Japan,Industrial Machinery and Supplies and Components,644,1942,23
NIPPON KANZAI Holdings Co.Ltd. ,9347.TSE,Japan,Environmental and Facilities Services,641,796,37
IS DongSeo Co. Ltd. ,010780.KO,South Korea,Construction and Engineering,639,1678,30
Lotte Non - Life Insurance Co. Ltd. ,000400.KO,South Korea,Property and Casualty Insurance,637,1779,309
Intellian Technologies Inc. ,189300.KQ,South Korea,Communications Equipment,636,221,11
Tosei Corporation ,8923.TSE,Japan,Real Estate Development,635,575,48
Jeju Air Co. Ltd. ,089590.KO,South Korea,Passenger Airlines,632,982,77
Takamatsu Construction Group Co. Ltd. ,1762.TSE,Japan,Construction and Engineering,626,1990,35
Nitta Corporation ,5186.TSE,Japan,Industrial Machinery and Supplies and Components,624,614,28
Andes Technology Corporation ,6533.TW,Taiwan,Semiconductors,623,32,51
Korea Petrochemical Ind. Co. Ltd. ,006650.KO,South Korea,Commodity Chemicals,622,1517,6
Sk Kaken Co.Ltd. ,4628.TSE,Japan,Specialty Chemicals,619,676,14
Maxvalu Tokai Co.Ltd. ,8198.TSE,Japan,Food Retail,619,2538,32
The Bank of Nagoya Ltd. ,8522.TSE,Japan,Regional Banks,615,495,17
Sanyo Chemical IndustriesLtd. ,4471.TSE,Japan,Specialty Chemicals,615,1173,22
Hanil Cement Co. Ltd. ,300720.KO,South Korea,Construction Materials,614,1271,69
Topre Corporation ,5975.TSE,Japan,Automotive Parts and Equipment,614,2164,53
Maeda Kosen Co. Ltd. ,7821.TSE,Japan,Construction Materials,612,347,30
SFA Semicon Co. Ltd. ,036540.KQ,South Korea,Semiconductors,611,443,164
Cub Elecparts Inc. ,2231.TW,Taiwan,Automotive Parts and Equipment,610,141,141
Enplas Corporation ,6961.TSE,Japan,Electronic Components,610,289,9
EM-Tech.CO. LTD. ,091120.KQ,South Korea,Electronic Components,608,238,17
UPC Technology Corporation ,1313.TW,Taiwan,Commodity Chemicals,608,2132,1318
Okamoto Industries Inc. ,5122.TSE,Japan,Commodity Chemicals,608,704,18
International CSRC Investment Holdings Co. Ltd. ,2104.TW,Taiwan,Commodity Chemicals,607,675,970
TSRC Corporation ,2103.TW,Taiwan,Commodity Chemicals,607,1029,826
Cheng Uei Precision Industry Co. Ltd. ,2392.TW,Taiwan,Electronic Components,606,2896,477
Iljin Hysolus Co. Ltd. ,271940.KO,South Korea,Automotive Parts and Equipment,606,73,36
Longchen Paper & Packaging Co. Ltd. ,1909.TW,Taiwan,Paper Products,605,1570,1326
The Keiyo Bank Ltd. ,8544.TSE,Japan,Regional Banks,604,456,126
Kyoei Steel Ltd. ,5440.TSE,Japan,Steel,604,2360,43
Nippon Pillar Packing Co. Ltd. ,6490.TSE,Japan,Commodity Chemicals,604,351,23
Halows Co.Ltd. ,2742.TSE,Japan,Food Retail,602,1277,21
The Ogaki Kyoritsu Bank Ltd. ,8361.TSE,Japan,Regional Banks,599,764,42
Yamae Group Holdings Co.Ltd. ,7130.TSE,Japan,Distributors,598,4172,24
Oki Electric Industry Co. Ltd. ,6703.TSE,Japan,Electronic Equipment and Instruments,598,2576,87
Pan-International Industrial Corp. ,2328.TW,Taiwan,Electronic Components,596,846,518
TTY Biopharm Company Limited ,4105.TWO,Taiwan,Pharmaceuticals,596,170,249
ESR Kendall Square REIT Co. Ltd. ,365550.KO,South Korea,Industrial REITs,595,75,213
Mimasu Semiconductor Industry Co. Ltd. ,8155.TSE,Japan,Semiconductor Materials and Equipment,595,651,32
Shinkong Insurance Co. Ltd. ,2850.TW,Taiwan,Property and Casualty Insurance,593,614,316
Yuasa Trading Co. Ltd. ,8074.TSE,Japan,Trading Companies and Distributors,593,3501,21
Japan Lifeline Co. Ltd. ,7575.TSE,Japan,Health Care Equipment,592,358,76
IDEC Corporation ,6652.TSE,Japan,Electrical Components and Equipment,592,566,29
Chunghwa Precision Test Tech. Co. Ltd. ,6510.TWO,Taiwan,Electronic Components,591,122,33
DyDo Group Holdings Inc. ,2590.TSE,Japan,Packaged Foods and Meats,590,1298,16
Gourmet Master Co. Ltd. ,2723.TW,Taiwan,Restaurants,590,659,180
LuxNet Corporation ,4979.TWO,Taiwan,Communications Equipment,588,61,132
The Ambassador HotelLtd. ,2704.TW,Taiwan,Hotels Resorts and Cruise Lines,587,46,367
SK Discovery Co. Ltd. ,006120.KO,South Korea,Oil and Gas Storage and Transportation,585,6701,20
Aisan Industry Co. Ltd. ,7283.TSE,Japan,Automotive Parts and Equipment,584,1796,63
Pacific Industrial Co. Ltd. ,7250.TSE,Japan,Automotive Parts and Equipment,584,1356,59
Infinite Finance Co. Ltd. ,6958.TWO,Taiwan,Specialized Finance,584,214,351
KG Dongbu Steel Co.Ltd. ,016380.KO,South Korea,Steel,583,2633,100
Shibaura Mechatronics Corporation ,6590.TSE,Japan,Semiconductor Materials and Equipment,583,425,13
Yellow Hat Ltd. ,9882.TSE,Japan,Automotive Retail,583,1025,46
GMO Financial Gate Inc. ,4051.TSE,Japan,Transaction and Payment Processing Services,583,103,8
Yieh United Steel Corp. ,9957.TWO,Taiwan,Steel,582,1505,2620
Sensortek Technology Corp. ,6732.TWO,Taiwan,Electronic Components,582,114,49
OBI Pharma Inc. ,4174.TWO,Taiwan,Biotechnology,580,0,229
Fositek Corp. ,6805.TWO,Taiwan,Electronic Components,580,148,61
THE NIPPON ROAD Co. Ltd. ,1884.TSE,Japan,Construction and Engineering,580,1086,44
Central Reinsurance Corporation ,2851.TW,Taiwan,Reinsurance,579,638,800
WingArc1st Inc. ,4432.TSE,Japan,Application Software,579,169,34
JEIO Co. Ltd. ,418550.KQ,South Korea,Construction and Engineering,579,67,31
Meiko Electronics Co. Ltd. ,6787.TSE,Japan,Electronic Components,578,1168,26
ShinHsiung Natural Gas Inc. ,8908.TWO,Taiwan,Gas Utilities,578,228,284
Ruentex Engineering & Construction Co. Ltd. ,2597.TW,Taiwan,Construction and Engineering,577,754,185
Genky DrugStores Co. Ltd. ,9267.TSE,Japan,Food Retail,575,1196,15
Merry Electronics Co. Ltd. ,2439.TW,Taiwan,Consumer Electronics,574,1183,219
KH Neochem Co. Ltd. ,4189.TSE,Japan,Commodity Chemicals,574,830,37
Mitani Sekisan Co. Ltd. ,5273.TSE,Japan,Construction Materials,574,594,18
Sebang Global Battery Co. Ltd. ,004490.KO,South Korea,Automotive Parts and Equipment,573,1163,13
AOKI Holdings Inc. ,8214.TSE,Japan,Apparel Retail,571,1235,84
Kansai Food Market Ltd. ,9919.TSE,Japan,Food Retail,571,2604,57
Hansae Co. Ltd. ,105630.KO,South Korea,Apparel Accessories and Luxury Goods,571,1408,39
Nittetsu Mining Co. Ltd. ,1515.TSE,Japan,Diversified Metals and Mining,569,1132,17
Axial Retailing Inc. ,8255.TSE,Japan,Food Retail,569,1784,23
Materials Analysis Technology Inc. ,3587.TWO,Taiwan,Semiconductor Materials and Equipment,568,146,69
Aoyama Trading Co. Ltd. ,8219.TSE,Japan,Apparel Retail,568,1293,50
NHN Corporation ,181710.KO,South Korea,Interactive Home Entertainment,566,1657,34
Advance Logistics Investment Corporation ,3493.TSE,Japan,Industrial REITs,566,49,1
PKSHA Technology Inc. ,3993.TSE,Japan,Application Software,565,91,31
L&C Bio Co. Ltd ,290650.KQ,South Korea,Biotechnology,564,45,23
Zilltek Technology Corp. ,6679.TWO,Taiwan,Semiconductors,563,51,54
Asiana Airlines Inc. ,020560.KO,South Korea,Passenger Airlines,561,5303,74
KOSAIDO Holdings Co. Ltd. ,7868.TSE,Japan,Commercial Printing,561,252,27
Foxsemicon Integrated Technology Inc. ,3413.TW,Taiwan,Semiconductor Materials and Equipment,560,479,97
Septeni Holdings Co. Ltd. ,4293.TSE,Japan,Advertising,559,200,207
Premium Water HoldingsInc. ,2588.TSE,Japan,Soft Drinks and Non-alcoholic Beverages,557,540,30
MIRAI Corporation ,3476.TSE,Japan,Office REITs,556,93,2
Aeon Kyushu Co. Ltd. ,2653.TSE,Japan,Broadline Retail,556,3559,35
Hota Industrial Mfg. Co. Ltd. ,1536.TW,Taiwan,Automotive Parts and Equipment,555,235,280
EMRO. Incorporated. ,058970.KQ,South Korea,Application Software,554,45,11
Sun Frontier Fudousan Co. Ltd. ,8934.TSE,Japan,Diversified Real Estate Activities,553,542,55
Nissha Co. Ltd. ,7915.TSE,Japan,Electronic Components,552,1306,49
TOCALO Co.Ltd. ,3433.TSE,Japan,Industrial Machinery and Supplies and Components,552,332,60
EOFLOW Co.Ltd. ,294090.KQ,South Korea,Health Care Supplies,550,6,30
PixArt Imaging Inc. ,3227.TWO,Taiwan,Semiconductors,549,152,146
IBASE Technology Inc. ,8050.TWO,Taiwan,Technology Hardware Storage and Peripherals,547,224,186
Asia Optical Co. Inc. ,3019.TW,Taiwan,Electronic Components,546,578,279
Channel Well Technology Co.Ltd. ,3078.TWO,Taiwan,Electronic Components,546,269,227
Voronoi Inc. ,310210.KQ,South Korea,Biotechnology,545,6,14
Universal Cement Corporation ,1104.TW,Taiwan,Construction Materials,545,242,673
Sunwels Co.Ltd. ,9229.TSE,Japan,Health Care Facilities,543,107,30
Sungwoo Hitech Co. Ltd. ,015750.KQ,South Korea,Automotive Parts and Equipment,543,3249,80
Tong Yang Life Insurance Co. Ltd. ,082640.KO,South Korea,Life and Health Insurance,542,7659,156
Cathay Real Estate Development Co.Ltd. ,2501.TW,Taiwan,Real Estate Development,542,648,1160
TRYT Inc. ,9164.TSE,Japan,Human Resource and Employment Services,541,341,103
Wonik QnC Corporation ,074600.KQ,South Korea,Semiconductor Materials and Equipment,538,633,26
TOA Corporation ,1885.TSE,Japan,Construction and Engineering,537,1584,21
PIOLAX Inc. ,5988.TSE,Japan,Automotive Parts and Equipment,537,412,34
GENDA Inc. ,9166.TSE,Japan,Leisure Facilities,536,354,34
Kerry TJ Logistics Company Limited ,2608.TW,Taiwan,Air Freight and Logistics,536,390,467
Toenec Corporation ,1946.TSE,Japan,Construction and Engineering,534,1645,19
JCU Corporation ,4975.TSE,Japan,Specialty Chemicals,533,181,26
Optorun Co.Ltd. ,6235.TSE,Japan,Semiconductor Materials and Equipment,532,289,44
Hanatour Service Inc. ,039130.KO,South Korea,Hotels Resorts and Cruise Lines,532,189,16
G-Tekt Corporation ,5970.TSE,Japan,Automotive Parts and Equipment,532,2253,43
Formosa Advanced Technologies Co. Ltd. ,8131.TW,Taiwan,Semiconductors,529,296,442
Sekisui Jushi Corporation ,4212.TSE,Japan,Building Products,529,455,33
Maxell Ltd. ,6810.TSE,Japan,Electronic Components,527,918,46
Konishi Co. Ltd. ,4956.TSE,Japan,Commodity Chemicals,526,882,33
Yuanta Futures Co. Ltd. ,6023.TWO,Taiwan,Investment Banking and Brokerage,526,106,290
Maruzen Showa Unyu Co. Ltd. ,9068.TSE,Japan,Cargo Ground Transportation,526,973,20
Aurora Corporation ,2373.TW,Taiwan,Technology Distributors,522,409,224
Riso Kagaku Corporation ,6413.TSE,Japan,Technology Hardware Storage and Peripherals,522,513,33
Lifenet Insurance Company ,7157.TSE,Japan,Life and Health Insurance,522,166,80
Mitsubishi Research Institute Inc. ,3636.TSE,Japan,IT Consulting and Other Services,521,843,16
Taiwan Tea Corporation ,2913.TW,Taiwan,Packaged Foods and Meats,520,13,790
Oriental Union Chemical Corporation ,1710.TW,Taiwan,Commodity Chemicals,520,658,877
Canon Electronics Inc. ,7739.TSE,Japan,Electronic Components,520,688,41
Hogy Medical Co.Ltd. ,3593.TSE,Japan,Health Care Supplies,520,271,24
Creative & Innovative System Corporation ,222080.KQ,South Korea,Industrial Machinery and Supplies and Components,518,119,70
Mitsuuroko Group Holdings Co.Ltd. ,8131.TSE,Japan,Oil and Gas Refining and Marketing,518,2215,60
The Hyakujushi Bank Ltd. ,8386.TSE,Japan,Regional Banks,518,492,28
Yungshin Construction & Development Co.Ltd. ,5508.TWO,Taiwan,Diversified Real Estate Activities,517,163,217
BES Engineering Corporation ,2515.TW,Taiwan,Construction and Engineering,516,559,1531
Apex Dynamics Inc. ,4583.TW,Taiwan,Industrial Machinery and Supplies and Components,515,98,80
Gunze Limited ,3002.TSE,Japan,Apparel Accessories and Luxury Goods,515,940,17
King's Town Millerful No.1 Real Estate Investment Trust (01010.TW),01010.TW,Taiwan,Diversified REITs,515,30,1658
Shinagawa Refractories Co. Ltd. ,5351.TSE,Japan,Construction Materials,513,913,47
Elitegroup Computer Systems Co.Ltd. ,2331.TW,Taiwan,Technology Hardware Storage and Peripherals,513,773,557
Prestige International Inc. ,4290.TSE,Japan,Diversified Support Services,513,386,128
Peptron Inc. ,087010.KQ,South Korea,Life Sciences Tools and Services,512,3,21
FP Partner Inc. ,7388.TSE,Japan,Insurance Brokers,512,200,23
Elematec Corporation ,2715.TSE,Japan,Electronic Manufacturing Services,512,1611,41
Episil-Precision Inc. ,3016.TW,Taiwan,Semiconductors,511,163,289
Shizuoka Gas Co. Ltd. ,9543.TSE,Japan,Gas Utilities,510,1651,74
DN Automotive Corporation ,007340.KO,South Korea,Automotive Parts and Equipment,509,2569,9
Aichi Corporation ,6345.TSE,Japan,Construction Machinery and Heavy Transportation Equipment,508,419,75
Tsurumi Manufacturing Co.Ltd. ,6351.TSE,Japan,Industrial Machinery and Supplies and Components,508,393,25
SK D&D Co. Ltd. ,210980.KO,South Korea,Real Estate Development,506,469,24
KMC (Kuei Meng) International Inc. ,5306.TW,Taiwan,Leisure Products,505,188,126
Philenergy Co. Ltd. ,378340.KQ,South Korea,Electrical Components and Equipment,504,179,21
Doshisha Co.Ltd. ,7483.TSE,Japan,Distributors,504,729,34
Central Glass Co. Ltd. ,4044.TSE,Japan,Building Products,503,1183,25
Taiwan Paiho Limited ,9938.TW,Taiwan,Textiles,502,407,298
Retail Partners Co. Ltd. ,8167.TSE,Japan,Food Retail,501,1699,43
MegaChips Corporation ,6875.TSE,Japan,Semiconductors,500,506,18
Nippon Sheet Glass Company Limited ,5202.TSE,Japan,Building Products,498,5489,91
Noritz Corporation ,5943.TSE,Japan,Building Products,497,1487,46
Riken Vitamin Co. Ltd. ,4526.TSE,Japan,Packaged Foods and Meats,496,618,33
Vision Inc. ,9416.TSE,Japan,Integrated Telecommunication Services,496,204,49
Restar Holdings Corporation ,3156.TSE,Japan,Technology Distributors,496,3418,30
Ananti Inc. ,025980.KQ,South Korea,Leisure Facilities,496,549,91
Scientech Corporation ,3583.TW,Taiwan,Technology Distributors,494,200,80
Shinsegae International Co. Ltd. ,031430.KO,South Korea,Apparel Retail,494,1111,36
Daesang Corporation ,001680.KO,South Korea,Packaged Foods and Meats,492,3086,36
GOLDCREST Co.Ltd. ,8871.TSE,Japan,Real Estate Development,491,103,33
The Toho Bank Ltd. ,8346.TSE,Japan,Regional Banks,491,378,252
Boryung Corporation ,003850.KO,South Korea,Pharmaceuticals,491,622,66
Saibu Gas Holdings Co.Ltd. ,9536.TSE,Japan,Gas Utilities,491,1886,37
Totech Corporation ,9960.TSE,Japan,Trading Companies and Distributors,491,904,14
Ki-Star Real Estate Co.Ltd ,3465.TSE,Japan,Homebuilding,491,1749,16
Valqua Ltd. ,7995.TSE,Japan,Commodity Chemicals,491,439,18
BH Co. Ltd. ,090460.KO,South Korea,Electronic Components,487,1211,32
Osaka Steel Co. Ltd. ,5449.TSE,Japan,Steel,487,830,39
Shinnihon Corporation ,1879.TSE,Japan,Construction and Engineering,487,810,59
Global PMX Co. Ltd. ,4551.TW,Taiwan,Automotive Parts and Equipment,487,267,115
Bando Chemical Industries Ltd. ,5195.TSE,Japan,Industrial Machinery and Supplies and Components,487,723,44
RS Technologies Co. Ltd. ,3445.TSE,Japan,Semiconductors,485,358,26
DongKook Pharmaceutical Co. Ltd. ,086450.KQ,South Korea,Pharmaceuticals,483,526,44
Chofu Seisakusho Co. Ltd. ,5946.TSE,Japan,Household Appliances,483,344,34
SIIX Corporation ,7613.TSE,Japan,Electronic Manufacturing Services,482,2090,47
KCC GLASS Corporation ,344820.KO,South Korea,Building Products,482,1233,16
ARGO GRAPHICS Inc. ,7595.TSE,Japan,IT Consulting and Other Services,482,372,21
CUC Inc. ,9158.TSE,Japan,Health Care Services,479,226,30
Taiwan Shin Kong Security Co. Ltd. ,9925.TW,Taiwan,Security and Alarm Services,479,249,384
Asahi Yukizai Corporation ,4216.TSE,Japan,Commodity Chemicals,477,563,19
Furuya Metal Co. Ltd. ,7826.TSE,Japan,Semiconductors,477,333,7
Press Kogyo Co. Ltd. ,7246.TSE,Japan,Automotive Parts and Equipment,476,1340,100
Nishimoto Co. Ltd. ,9260.TSE,Japan,Food Distributors,476,2011,14
Bank of Kaohsiung Co. Ltd. ,2836.TW,Taiwan,Regional Banks,475,123,1274
Nippon Yakin Kogyo Co. Ltd. ,5480.TSE,Japan,Steel,474,1390,15
Daiho Corporation ,1822.TSE,Japan,Construction and Engineering,472,1082,18
NEXTIN Inc. ,348210.KQ,South Korea,Semiconductor Materials and Equipment,471,89,10
Weathernews Inc. ,4825.TSE,Japan,Research and Consulting Services,471,151,11
Farglory Free Trade Zone Investment Holding Co. Ltd. ,5607.TW,Taiwan,Air Freight and Logistics,471,95,301
F&F Holdings Co. Ltd. ,007700.KO,South Korea,Apparel Accessories and Luxury Goods,470,1452,39
Yurtec Corporation ,1934.TSE,Japan,Construction and Engineering,470,1604,72
Grand Pacific Petrochemical Corporation ,1312.TW,Taiwan,Commodity Chemicals,469,521,907
Itoki Corporation ,7972.TSE,Japan,Office Services and Supplies,469,884,45
CHO Pharma Inc. ,6586.TWO,Taiwan,Pharmaceuticals,467,0,184
Green Cross Holdings Corporation ,005250.KO,South Korea,Biotechnology,467,1545,45
HSD Engine Co. Ltd. ,082740.KO,South Korea,Construction Machinery and Heavy Transportation Equipment,467,599,72
Aekyungchemical Co. Ltd. ,161000.KO,South Korea,Commodity Chemicals,466,1457,48
MEC Company Ltd. ,4971.TSE,Japan,Specialty Chemicals,466,100,19
Futaba Industrial Co. Ltd. ,7241.TSE,Japan,Automotive Parts and Equipment,466,5251,89
Ever Supreme Bio Technology Co. Ltd ,6712.TWO,Taiwan,Biotechnology,466,20,75
Qol Holdings Co. Ltd. ,3034.TSE,Japan,Drug Retail,465,1196,37
Farglory Life Insurance Co. Ltd. ,5859.TWO,Taiwan,Life and Health Insurance,465,1840,1255
One REIT Inc. ,3290.TSE,Japan,Office REITs,464,67,0
Jin Air Co. Ltd. ,272450.KO,South Korea,Passenger Airlines,464,768,52
Chlitina Holding Limited ,4137.TW,Taiwan,Personal Care Products,464,140,80
Kyung Dong Navien Co. Ltd. ,009450.KO,South Korea,Building Products,464,885,15
Tachibana Eletech Co. Ltd. ,8159.TSE,Japan,Technology Distributors,464,1605,24
NIPPON PARKING DEVELOPMENT Co.Ltd. ,2353.TSE,Japan,Environmental and Facilities Services,458,224,317
Daiwa Industries Ltd. ,6459.TSE,Japan,Industrial Machinery and Supplies and Components,458,315,49
WELLNEO SUGAR Co. Ltd. ,2117.TSE,Japan,Packaged Foods and Meats,457,472,33
Takara Leben Real Estate Investment Corporation ,3492.TSE,Japan,Diversified REITs,457,53,1
Kisoji Co. Ltd. ,8160.TSE,Japan,Restaurants,457,329,28
Chikaranomoto Holdings Co.Ltd. ,3561.TSE,Japan,Restaurants,457,191,30
Nikkiso Co. Ltd. ,6376.TSE,Japan,Industrial Machinery and Supplies and Components,456,1223,66
Hu Lane Associate Inc. ,6279.TWO,Taiwan,Automotive Parts and Equipment,455,224,100
Fullcast Holdings Co. Ltd. ,4848.TSE,Japan,Human Resource and Employment Services,454,463,36
Nissei ASB Machine Co. Ltd. ,6284.TSE,Japan,Industrial Machinery and Supplies and Components,454,217,15
Japan Pulp and Paper Company Limited ,8032.TSE,Japan,Trading Companies and Distributors,454,3842,14
Kyokuto Kaihatsu Kogyo Co.Ltd. ,7226.TSE,Japan,Construction Machinery and Heavy Transportation Equipment,454,800,38
MIRAE ASSET Life Insurance Co. Ltd. ,085620.KO,South Korea,Life and Health Insurance,454,1260,131
Bunka Shutter Co. Ltd. ,5930.TSE,Japan,Building Products,454,1422,61
Nihon Housing Co.Ltd. ,4781.TSE,Japan,Diversified Real Estate Activities,452,986,64
Inageya Co. Ltd. ,8182.TSE,Japan,Food Retail,452,1741,46
Gemtek Technology Co. Ltd. ,4906.TW,Taiwan,Communications Equipment,451,973,398
Grand Process Technology Corporation ,3131.TWO,Taiwan,Semiconductor Materials and Equipment,451,115,29
Asia Polymer Corporation ,1308.TW,Taiwan,Commodity Chemicals,451,274,594
Shihlin Paper Corporation ,1903.TW,Taiwan,Paper Products,449,5,260
Synmosa Biopharma Corporation ,4114.TWO,Taiwan,Pharmaceuticals,449,158,381
Union Tool Co. ,6278.TSE,Japan,Industrial Machinery and Supplies and Components,448,180,17
Adimmune Corporation ,4142.TW,Taiwan,Biotechnology,446,62,422
KFC Holdings Japan Ltd. ,9873.TSE,Japan,Restaurants,446,712,22
Test Research Inc. ,3030.TW,Taiwan,Electronic Equipment and Instruments,446,162,236
TSI Holdings Co.Ltd. ,3608.TSE,Japan,Apparel Accessories and Luxury Goods,444,1114,82
Sumitomo Mitsui Construction Co.Ltd. ,1821.TSE,Japan,Construction and Engineering,443,3239,157
Dongwon F&B Co. Ltd. ,049770.KO,South Korea,Packaged Foods and Meats,442,3223,19
Belluna Co. Ltd. ,9997.TSE,Japan,Broadline Retail,442,1458,97
MITSUI E&S Co. Ltd. ,7003.TSE,Japan,Construction Machinery and Heavy Transportation Equipment,441,1890,111
Avex Inc. ,7860.TSE,Japan,Movies and Entertainment,441,865,45
Skymark Airlines Inc. ,9204.TSE,Japan,Passenger Airlines,440,599,60
VIA Labs Inc. ,6756.TW,Taiwan,Technology Hardware Storage and Peripherals,439,66,69
Sakata INX Corporation ,4633.TSE,Japan,Specialty Chemicals,439,1537,50
MegaStudyEdu Co. Ltd ,215200.KQ,South Korea,Education Services,438,674,12
Fujiya Co. Ltd. ,2211.TSE,Japan,Packaged Foods and Meats,438,713,26
CURVES HOLDINGS Co. Ltd. ,7085.TSE,Japan,Leisure Facilities,436,209,92
Dai-Dan Co. Ltd. ,1980.TSE,Japan,Construction and Engineering,436,1323,43
GFC. LTD. ,4506.TWO,Taiwan,Industrial Machinery and Supplies and Components,435,165,177
Seojin System Co.Ltd ,178320.KQ,South Korea,Communications Equipment,435,631,38
SIGMAXYZ Holdings Inc. ,6088.TSE,Japan,Research and Consulting Services,432,128,42
Furukawa Co.Ltd. ,5715.TSE,Japan,Industrial Machinery and Supplies and Components,432,1446,37
GI Innovation Inc. ,358570.KQ,South Korea,Biotechnology,431,3,22
CTI Engineering Co. Ltd. ,9621.TSE,Japan,Construction and Engineering,428,617,14
C&C International Co. Ltd. ,352480.KQ,South Korea,Personal Care Products,426,135,10
SNT Motiv Co. Ltd. ,064960.KO,South Korea,Automotive Parts and Equipment,426,900,13
Fujio Food Group Inc. ,2752.TSE,Japan,Restaurants,426,199,45
Nippon Ceramic Co. Ltd. ,6929.TSE,Japan,Electronic Components,426,167,24
GOLFZON Co. Ltd. ,215000.KQ,South Korea,Leisure Products,425,506,6
TYC Brother Industrial Co. Ltd. ,1522.TW,Taiwan,Automotive Parts and Equipment,422,613,312
LX Holdings Corp. ,383800.KO,South Korea,Industrial Conglomerates,422,265,76
San Fu Chemical Co. Ltd. ,4755.TW,Taiwan,Specialty Chemicals,422,157,101
Premium Group Co. Ltd. ,7199.TSE,Japan,Consumer Finance,422,185,39
The First Bank Of Toyama Ltd. ,7184.TSE,Japan,Regional Banks,421,227,64
Cashbox Partyworld Co. Ltd. ,8359.TWO,Taiwan,Movies and Entertainment,421,121,137
TechMatrix Corporation ,3762.TSE,Japan,IT Consulting and Other Services,421,329,40
Hosokawa Micron Corporation ,6277.TSE,Japan,Industrial Machinery and Supplies and Components,421,522,15
Tigerair Taiwan Co. Ltd. ,6757.TW,Taiwan,Passenger Airlines,420,208,449
The Okinawa Electric Power Company Incorporated ,9511.TSE,Japan,Electric Utilities,420,1583,54
Mandom Corporation ,4917.TSE,Japan,Personal Care Products,419,480,45
Namura Shipbuilding Co. Ltd. ,7014.TSE,Japan,Construction Machinery and Heavy Transportation Equipment,416,815,69
Adlink Technology Inc. ,6166.TW,Taiwan,Technology Hardware Storage and Peripherals,415,390,218
Oiles Corporation ,6282.TSE,Japan,Industrial Machinery and Supplies and Components,415,444,31
Mercuries & Associates Holding Ltd. ,2905.TW,Taiwan,Life and Health Insurance,415,3600,1074
MATSUDA SANGYO Co. Ltd. ,7456.TSE,Japan,Environmental and Facilities Services,415,2430,26
China Metal Products Co. Ltd. ,1532.TW,Taiwan,Steel,415,466,376
FIC Global Inc. ,3701.TW,Taiwan,Electronic Manufacturing Services,413,409,228
Aekyung Industrial Co. Ltd. ,018250.KO,South Korea,Household Products,406,492,26
Amita Technologies Inc. ,5233.TWO,Taiwan,Electrical Components and Equipment,406,41,277
CMC Magnetics Corporation ,2323.TW,Taiwan,Technology Hardware Storage and Peripherals,404,234,1089
Aida Engineering Ltd. ,6118.TSE,Japan,Industrial Machinery and Supplies and Components,404,498,60
Mirai Industry Co.Ltd. ,7931.TSE,Japan,Electrical Components and Equipment,404,290,17
Huang Hsiang Construction Corporation ,2545.TW,Taiwan,Diversified Real Estate Activities,398,136,328
Shinkong Textile Co. Ltd. ,1419.TW,Taiwan,Textiles,398,109,299
SPC Samlip Co. Ltd. ,005610.KO,South Korea,Packaged Foods and Meats,397,2633,8
Da-Li Development Co.Ltd. ,6177.TW,Taiwan,Real Estate Development,397,125,407
Nippon Signal Co. Ltd. ,6741.TSE,Japan,Electronic Equipment and Instruments,396,592,62
SK Rent A Car Co. Ltd ,068400.KO,South Korea,Passenger Ground Transportation,396,1019,45
Samyang Holdings Corporation ,000070.KO,South Korea,Packaged Foods and Meats,395,2474,8
Hyundai G.F. Holdings Co. Ltd. ,005440.KO,South Korea,Trading Companies and Distributors,395,3036,156
Nidec Chaun-Choung Technology Corporation ,6230.TW,Taiwan,Electronic Components,394,397,86
Unitech Printed Circuit Board Corp. ,2367.TW,Taiwan,Electronic Components,394,544,669
DaikyoNishikawa Corporation ,4246.TSE,Japan,Automotive Parts and Equipment,394,1057,71
Nichidenbo Corporation ,3090.TW,Taiwan,Technology Distributors,393,320,213
SintokogioLtd. ,6339.TSE,Japan,Industrial Machinery and Supplies and Components,392,736,52
Vizionfocus Inc. ,4771.TWO,Taiwan,Health Care Supplies,391,68,53
Hanwha Investment & Securities Co. Ltd. ,003530.KO,South Korea,Investment Banking and Brokerage,390,1279,218
SuperAlloy Industrial Co. Ltd. ,1563.TWO,Taiwan,Automotive Parts and Equipment,389,217,214
Katakura Industries Co.Ltd. ,3001.TSE,Japan,Industrial Conglomerates,389,261,33
Nichireki Co. Ltd. ,5011.TSE,Japan,Construction and Engineering,389,535,29
Mie Kotsu Group Holdings Inc. ,3232.TSE,Japan,Industrial Conglomerates,388,664,100
Kabuki-Za Co. Ltd. ,9661.TSE,Japan,Real Estate Operating Companies,388,20,12
PharmaEngine Inc. ,4162.TWO,Taiwan,Biotechnology,387,21,144
Abalance Corporation ,3856.TSE,Japan,Heavy Electrical Equipment,387,1504,17
Visco Vision Inc. ,6782.TW,Taiwan,Health Care Supplies,386,79,63
Ishihara Sangyo KaishaLtd. ,4028.TSE,Japan,Diversified Chemicals,385,937,38
Com2uS Corporation ,078340.KQ,South Korea,Interactive Home Entertainment,385,616,12
NEOWIZ ,095660.KQ,South Korea,Interactive Home Entertainment,384,217,20
Cathay No.2 REIT (01007.TW),01007.TW,Taiwan,Office REITs,384,16,720
Formosa Oilseed Processing Co. Ltd. ,1225.TW,Taiwan,Packaged Foods and Meats,384,489,230
K Car Co. Ltd. ,381970.KO,South Korea,Automotive Retail,384,1561,48
Huons Co. Ltd. ,243070.KQ,South Korea,Pharmaceuticals,383,396,12
YeaShin International Development Co. Ltd. ,5213.TWO,Taiwan,Real Estate Development,382,30,475
CYBERDYNE Inc. ,7779.TSE,Japan,Health Care Equipment,382,25,211
Eris Technology Corporation ,3675.TWO,Taiwan,Semiconductors,382,62,50
Taiwan Printed Circuit Board Techvest Co.Ltd. ,8213.TW,Taiwan,Electronic Components,381,591,271
Namchow Holdings Co. Ltd. ,1702.TW,Taiwan,Packaged Foods and Meats,381,692,248
Yuanta Securities Korea Co. Ltd. ,003470.KO,South Korea,Investment Banking and Brokerage,381,1606,206
Komori Corporation ,6349.TSE,Japan,Industrial Machinery and Supplies and Components,381,679,53
Taiwan Navigation Co. Ltd. ,2617.TW,Taiwan,Marine Transportation,380,129,417
Jahwa Electronics. Co. Ltd ,033240.KO,South Korea,Electronic Components,380,244,21
Stark Technology Inc. ,2480.TW,Taiwan,Technology Distributors,380,229,106
Chia Hsin Cement Corporation ,1103.TW,Taiwan,Construction Materials,380,84,659
YC Inox Co.Ltd ,2034.TW,Taiwan,Steel,379,497,447
Solasto Corporation ,6197.TSE,Japan,Health Care Services,379,913,94
PIA Corporation ,4337.TSE,Japan,Specialized Consumer Services,379,243,16
C.I.TAKIRON Corporation ,4215.TSE,Japan,Commodity Chemicals,379,1002,97
Kmw Inc. ,032500.KQ,South Korea,Communications Equipment,378,118,40
Castles Technology Co. Ltd. ,5258.TW,Taiwan,Electronic Equipment and Instruments,377,260,99
Dong-A ST Co. Ltd. ,170900.KO,South Korea,Pharmaceuticals,377,480,9
Sec CarbonLimited ,5304.TSE,Japan,Electrical Components and Equipment,377,223,4
Dynapack International Technology Corporation ,3211.TWO,Taiwan,Electronic Components,376,606,151
Ya-Man Ltd. ,6630.TSE,Japan,Personal Care Products,375,288,55
SillaJen Inc. ,215600.KQ,South Korea,Biotechnology,375,5,103
JDC Corporation ,1887.TSE,Japan,Construction and Engineering,375,1104,83
CLIO Cosmetics Co.Ltd ,237880.KQ,South Korea,Personal Care Products,375,225,18
D-Link Corporation ,2332.TW,Taiwan,Communications Equipment,374,556,600
J.S.B.Co.Ltd. ,3480.TSE,Japan,Diversified Real Estate Activities,374,440,11
Cawachi Limited ,2664.TSE,Japan,Drug Retail,374,2018,22
Career Technology (Mfg.) Co. Ltd. ,6153.TW,Taiwan,Electronic Components,374,442,554
Japan Business Systems Inc. ,5036.TSE,Japan,Internet Services and Infrastructure,374,597,45
Argosy Research Inc. ,3217.TWO,Taiwan,Electronic Equipment and Instruments,374,81,90
W-SCOPE Corporation ,6619.TSE,Japan,Commodity Chemicals,374,335,55
NAFCO Co. Ltd. ,2790.TSE,Japan,Home Improvement Retail,374,1386,29
Shin Nippon Air Technologies Co. Ltd. ,1952.TSE,Japan,Building Products,373,774,23
Skytech Inc. ,6937.TWO,Taiwan,Semiconductor Materials and Equipment,373,59,61
Ichikoh Industries Ltd. ,7244.TSE,Japan,Automotive Parts and Equipment,373,1026,96
Darfon Electronics Corp. ,8163.TW,Taiwan,Technology Hardware Storage and Peripherals,373,874,278
Yujin Robot Co. Ltd. ,056080.KQ,South Korea,Leisure Products,372,30,38
KANGWON ENERGY Co.Ltd. ,114190.KQ,South Korea,Industrial Machinery and Supplies and Components,372,62,26
Toukei Computer Co. Ltd. ,4746.TSE,Japan,Data Processing and Outsourced Services,372,125,9
Nomura Micro Science Co. Ltd. ,6254.TSE,Japan,Industrial Machinery and Supplies and Components,371,370,9
Yahagi Construction Co.Ltd. ,1870.TSE,Japan,Construction and Engineering,371,814,43
Marusan Securities Co. Ltd. ,8613.TSE,Japan,Investment Banking and Brokerage,371,108,66
Weltrend Semiconductor Inc. ,2436.TW,Taiwan,Semiconductors,371,82,177
Giken Ltd. ,6289.TSE,Japan,Construction Machinery and Heavy Transportation Equipment,371,221,27
World Co. Ltd. ,3612.TSE,Japan,Apparel Retail,371,1502,34
GC Cell Corporation ,144510.KQ,South Korea,Biotechnology,370,141,15
Yung Chi Paint & Varnish Mfg.Co.Ltd ,1726.TW,Taiwan,Commodity Chemicals,370,309,162
Bafang Yunji International Company Limited ,2753.TW,Taiwan,Restaurants,370,226,66
Fukui Computer HoldingsInc. ,9790.TSE,Japan,Application Software,369,97,21
Fujicco Co. Ltd. ,2908.TSE,Japan,Packaged Foods and Meats,368,378,29
Machvision Inc. ,3563.TW,Taiwan,Semiconductor Materials and Equipment,368,66,58
Standard Chemical & Pharmaceutical Co. Ltd. ,1720.TW,Taiwan,Pharmaceuticals,367,197,179
TRANSACTION CO.Ltd. ,7818.TSE,Japan,Household Products,366,160,29
Integrated Design & Engineering HoldingsCo.Ltd. ,9161.TSE,Japan,Construction and Engineering,365,979,15
United Arrows Ltd. ,7606.TSE,Japan,Apparel Retail,365,917,28
Lion Travel Service Co. Ltd. ,2731.TW,Taiwan,Hotels Resorts and Cruise Lines,365,357,93
YungShin Global Holding Corporation ,3705.TW,Taiwan,Pharmaceuticals,364,217,266
Binggrae Co. Ltd. ,005180.KO,South Korea,Packaged Foods and Meats,364,1010,9
Metaage Corporation ,6112.TW,Taiwan,IT Consulting and Other Services,363,425,188
Transcom Inc. ,5222.TW,Taiwan,Semiconductors,362,36,75
BioNote Inc. ,377740.KO,South Korea,Biotechnology,362,100,102
Soft-World International Corporation ,5478.TWO,Taiwan,Interactive Home Entertainment,362,207,121
KG Chemical Corporation ,001390.KO,South Korea,Fertilizers and Agricultural Chemicals,361,6401,69
Genomictree Inc. ,228760.KQ,South Korea,Biotechnology,361,4,24
Software Service Inc. ,3733.TSE,Japan,Health Care Technology,361,239,5
91App Inc. ,6741.TWO,Taiwan,Application Software,361,43,118
Gamania Digital Entertainment Co. Ltd. ,6180.TWO,Taiwan,Interactive Home Entertainment,360,343,176
Uniquest Corporation ,077500.KO,South Korea,Semiconductors,360,552,26
The Chiba Kogyo Bank Ltd. ,8337.TSE,Japan,Regional Banks,360,350,59
Kasumigaseki Capital Co.Ltd. ,3498.TSE,Japan,Renewable Electricity,359,201,8
Koramco Energy Plus Reit ,357120.KO,South Korea,Other Specialized REITs,359,54,89
Etron Technology Inc. ,5351.TWO,Taiwan,Semiconductors,359,95,288
Sinko Industries Ltd. ,6458.TSE,Japan,Building Products,359,323,25
Daiki Aluminium Industry Co. Ltd. ,5702.TSE,Japan,Aluminum,358,1823,41
Matsuya Co. Ltd. ,8237.TSE,Japan,Broadline Retail,358,258,53
Kolmar BNH Co. Ltd. ,200130.KQ,South Korea,Personal Care Products,358,427,29
YAKUODO HOLDINGS Co. Ltd. ,7679.TSE,Japan,Drug Retail,358,942,20
Lanner Electronics Inc. ,6245.TWO,Taiwan,Communications Equipment,357,324,126
Toyo Gosei Co.Ltd. ,4970.TSE,Japan,Commodity Chemicals,357,225,8
Devsisters corporation ,194480.KQ,South Korea,Interactive Home Entertainment,357,144,11
Okinawa Financial Group Inc. ,7350.TSE,Japan,Regional Banks,357,281,21
Osaka Organic Chemical Industry Ltd. ,4187.TSE,Japan,Diversified Chemicals,356,217,21
MNtech Co. Ltd. ,095500.KQ,South Korea,Commodity Chemicals,355,433,27
MIRARTH HOLDINGSInc. ,8897.TSE,Japan,Real Estate Development,355,1060,110
GemVax&KAEL Co.Ltd. ,082270.KQ,South Korea,Semiconductor Materials and Equipment,354,57,39
Taekwang Industrial Co. Ltd. ,003240.KO,South Korea,Commodity Chemicals,354,1852,1
Smaregi Inc. ,4431.TSE,Japan,Application Software,354,43,19
Hyundai Home Shopping Network Corporation ,057050.KO,South Korea,Broadline Retail,353,1569,11
ADDCN Technology Co. Ltd ,5287.TWO,Taiwan,Interactive Media and Services,353,66,56
Japan Investment Adviser Co. Ltd. ,7172.TSE,Japan,Specialized Finance,353,100,30
Nihon Nohyaku Co. Ltd. ,4997.TSE,Japan,Fertilizers and Agricultural Chemicals,353,693,78
TSC Auto ID Technology Co. Ltd. ,3611.TWO,Taiwan,Technology Hardware Storage and Peripherals,352,265,47
gremzInc. ,3150.TSE,Japan,Environmental and Facilities Services,352,221,23
Value Added Technology Co. Ltd. ,043150.KQ,South Korea,Health Care Equipment,351,300,15
Healthcare & Medical Investment Corporation ,3455.TSE,Japan,Health Care REITs,350,39,0
Nissin Corporation ,9066.TSE,Japan,Marine Ports and Services,350,1255,19
HD Renewable Energy Co. Ltd. ,6873.TW,Taiwan,Renewable Electricity,349,192,100
Taiwan Optical Platform Co. Ltd. ,6464.TW,Taiwan,Cable and Satellite,349,138,128
Espec Corp. ,6859.TSE,Japan,Electronic Equipment and Instruments,349,390,22
K.S. Terminals Inc. ,3003.TW,Taiwan,Electrical Components and Equipment,349,146,156
Midac Holdings Co. Ltd. ,6564.TSE,Japan,Environmental and Facilities Services,348,55,28
Tung Thih Electronic Co. Ltd. ,3552.TWO,Taiwan,Automotive Parts and Equipment,348,301,86
The Yamanashi Chuo BankLtd. ,8360.TSE,Japan,Regional Banks,348,393,30
Tang Eng Iron Works Co. Ltd. ,2035.TWO,Taiwan,Steel,348,395,350
Melco Holdings Inc. ,6676.TSE,Japan,Technology Hardware Storage and Peripherals,348,989,17
Nagano Keiki Co. Ltd. ,7715.TSE,Japan,Electronic Equipment and Instruments,348,437,19
Tenma Corporation ,7958.TSE,Japan,Commodity Chemicals,347,728,22
BenQ Materials Corporation ,8215.TW,Taiwan,Electronic Components,347,512,321
TAI-TECH Advanced Electronics Co. Ltd. ,3357.TWO,Taiwan,Electronic Components,347,151,102
JM Holdings Co.Ltd. ,3539.TSE,Japan,Food Retail,347,1089,27
NAK Sealing Technologies Corporation ,9942.TW,Taiwan,Industrial Machinery and Supplies and Components,346,150,83
Kanto Denka Kogyo Co. Ltd. ,4047.TSE,Japan,Specialty Chemicals,346,530,58
Toa Road Corporation ,1882.TSE,Japan,Construction and Engineering,346,824,10
Ryoden Corporation ,8084.TSE,Japan,Technology Distributors,345,1824,22
CUCKOO Homesys Co. Ltd ,284740.KO,South Korea,Computer and Electronics Retail,344,698,22
Manyo Factory Co. Ltd ,439090.KQ,South Korea,Personal Care Products,344,81,16
Tae Kwang Corporation ,023160.KQ,South Korea,Industrial Machinery and Supplies and Components,343,236,26
Kohoku Kogyo CO.LTD. ,6524.TSE,Japan,Electronic Components,343,102,9
Nakayama Steel Works Ltd. ,5408.TSE,Japan,Steel,343,1301,54
I-ne CO. LTD. ,4933.TSE,Japan,Personal Care Products,343,267,18
SBI Global Asset Management Co. Ltd. ,4765.TSE,Japan,Financial Exchanges and Data,343,64,90
Tosei Reit Investment Corporation ,3451.TSE,Japan,Diversified REITs,343,51,0
ITM Semiconductor Co. Ltd. ,084850.KQ,South Korea,Semiconductors,342,456,21
ALMAC Co. Ltd. ,354320.KQ,South Korea,Automotive Parts and Equipment,342,167,6
Altech Corporation ,4641.TSE,Japan,Human Resource and Employment Services,342,316,20
MCNEX Co. Ltd ,097520.KO,South Korea,Electronic Components,341,736,18
Vital KSK Holdings Inc. ,3151.TSE,Japan,Health Care Distributors,341,4017,51
Daxin Materials Corporation ,5234.TW,Taiwan,Specialty Chemicals,341,120,103
MEISEI INDUSTRIAL Co.Ltd. ,1976.TSE,Japan,Construction and Engineering,341,390,50
Kamei Corporation ,8037.TSE,Japan,Trading Companies and Distributors,341,3878,34
Chun Yuan Steel Industry Co. Ltd. ,2010.TW,Taiwan,Steel,341,702,648
Torishima Pump Mfg. Co. Ltd. ,6363.TSE,Japan,Industrial Machinery and Supplies and Components,341,491,27
Hsin Tai Gas Co. Ltd. ,8917.TWO,Taiwan,Gas Utilities,340,82,163
PlayNitride Inc. ,6854.TW,Taiwan,Semiconductors,340,18,107
Eiken Chemical Co. Ltd. ,4549.TSE,Japan,Health Care Supplies,339,291,37
Kpp Group Holdings Co. Ltd. ,9274.TSE,Japan,Trading Companies and Distributors,339,4603,72
Nippon Carbon Co. Ltd. ,5302.TSE,Japan,Electrical Components and Equipment,339,246,11
Foresee Pharmaceuticals Co. Ltd. ,6576.TWO,Taiwan,Pharmaceuticals,339,3,136
Warabeya Nichiyo Holdings Co. Ltd. ,2918.TSE,Japan,Packaged Foods and Meats,338,1409,18
SFP Holdings Co. Ltd. ,3198.TSE,Japan,Restaurants,338,182,23
Taisun Enterprise Co. Ltd. ,1218.TW,Taiwan,Packaged Foods and Meats,338,354,486
Teikoku Sen-i Co. Ltd. ,3302.TSE,Japan,Industrial Machinery and Supplies and Components,338,214,26
Hwaseung Enterprise Co. Ltd. ,241590.KO,South Korea,Footwear,337,1103,61
Lifedrink Company Inc. ,2585.TSE,Japan,Soft Drinks and Non-alcoholic Beverages,337,228,13
The Miyazaki Bank Ltd. ,8393.TSE,Japan,Regional Banks,337,377,17
TSE Co. Ltd ,131290.KQ,South Korea,Semiconductor Materials and Equipment,337,207,11
Sumida Corporation ,6817.TSE,Japan,Electronic Components,336,1035,33
Shinsung E&G Co.Ltd. ,011930.KO,South Korea,Semiconductor Materials and Equipment,335,477,204
Interojo Inc. ,119610.KQ,South Korea,Health Care Supplies,335,101,13
Da-Cin Construction Co.Ltd. ,2535.TW,Taiwan,Construction and Engineering,335,501,325
T'Way Air Co. Ltd. ,091810.KO,South Korea,Passenger Airlines,335,772,201
LandMark Optoelectronics Corporation ,3081.TWO,Taiwan,Semiconductor Materials and Equipment,334,61,92
JFE Systems Inc. ,4832.TSE,Japan,IT Consulting and Other Services,334,402,16
Aiphone Co.Ltd. ,6718.TSE,Japan,Communications Equipment,334,385,16
San ju San Financial GroupInc. ,7322.TSE,Japan,Regional Banks,333,445,26
Worldex Industry & Trading Co. Ltd. ,101160.KQ,South Korea,Semiconductors,333,228,17
Anicom Holdings Inc. ,8715.TSE,Japan,Property and Casualty Insurance,332,397,80
SALA Corporation ,2734.TSE,Japan,Oil and Gas Refining and Marketing,332,1736,64
Acer E-Enabling Service Business Inc. ,6811.TWO,Taiwan,IT Consulting and Other Services,332,242,41
Elan Corporation ,6099.TSE,Japan,Health Care Services,332,266,61
UTI Inc. ,179900.KQ,South Korea,Electronic Components,330,18,16
Vuno Inc. ,338220.KQ,South Korea,Health Care Equipment,330,9,11
Sunmax Biotechnology Co. Ltd. ,4728.TWO,Taiwan,Biotechnology,330,50,55
Miroku Jyoho Service Co. Ltd. ,9928.TSE,Japan,Application Software,330,292,30
Tehmag Foods Corporation ,1264.TWO,Taiwan,Packaged Foods and Meats,330,181,37
Lungteh Shipbuilding Co. Ltd. ,6753.TW,Taiwan,Construction Machinery and Heavy Transportation Equipment,330,146,108
Everlight Chemical Industrial Corporation ,1711.TW,Taiwan,Specialty Chemicals,329,257,548
Anpec Electronics Corporation ,6138.TWO,Taiwan,Semiconductors,329,155,74
Bank of The Ryukyus Limited ,8399.TSE,Japan,Regional Banks,329,418,42
Konan Technology Inc. ,402030.KQ,South Korea,Application Software,329,11,6
PSK HOLDINGS Inc. ,031980.KQ,South Korea,Semiconductor Materials and Equipment,329,66,20
KG Eco Technology Services Co. Ltd. ,151860.KQ,South Korea,Independent Power Producers and Energy Traders,328,5084,36
Amazing Microelectronic Corp. ,6411.TWO,Taiwan,Semiconductors,328,73,98
Core Concept Technologies Inc. ,4371.TSE,Japan,IT Consulting and Other Services,328,96,17
ASKA Pharmaceutical Holdings Co.Ltd. ,4886.TSE,Japan,Pharmaceuticals,328,423,28
ABEJA Inc. ,5574.TSE,Japan,Application Software,328,14,9
T-Robotics.Co.Ltd. ,117730.KQ,South Korea,Industrial Machinery and Supplies and Components,328,30,17
T3EX Global Holdings Corp. ,2636.TW,Taiwan,Air Freight and Logistics,328,541,137
Proto Corporation ,4298.TSE,Japan,Publishing,327,754,40
Zenrin Co. Ltd. ,9474.TSE,Japan,Publishing,327,411,53
Darwin Precisions Corporation ,6120.TW,Taiwan,Semiconductors,327,441,666
Wysiwyg Studios Co. Ltd. ,299900.KQ,South Korea,Movies and Entertainment,326,169,171
Icom Incorporated ,6820.TSE,Japan,Communications Equipment,325,241,14
San Fang Chemical Industry Co. Ltd. ,1307.TW,Taiwan,Commodity Chemicals,325,332,398
Link and Motivation Inc. ,2170.TSE,Japan,Human Resource and Employment Services,325,226,112
Mars Group Holdings Corporation ,6419.TSE,Japan,Leisure Products,325,175,17
JLKInc. ,322510.KQ,South Korea,Health Care Technology,324,3,16
Management Solutions co.Ltd. ,7033.TSE,Japan,Research and Consulting Services,324,112,17
STX Corporation ,011810.KO,South Korea,Trading Companies and Distributors,324,898,22
Keiyo Co. Ltd. ,8168.TSE,Japan,Home Improvement Retail,324,681,58
BRIM Biotechnology Inc. ,6885.TWO,Taiwan,Biotechnology,324,-,138
Sampo Corporation ,1604.TW,Taiwan,Consumer Electronics,322,286,364
Daedong Corporation ,000490.KO,South Korea,Agricultural and Farm Machinery,322,1128,23
Eslead Corporation ,8877.TSE,Japan,Homebuilding,321,565,15
Lealea Enterprise Co. Ltd. ,1444.TW,Taiwan,Textiles,321,324,984
Azoom Co.Ltd ,3496.TSE,Japan,Real Estate Services,321,54,6
Shinyoung Securities Co. Ltd. ,001720.KO,South Korea,Investment Banking and Brokerage,320,1094,8
Pharmosa Biopharm Inc. ,6875.TWO,Taiwan,Biotechnology,320,-,117
Yuen Foong Yu Consumer Products Co. Ltd. ,6790.TW,Taiwan,Household Products,320,328,267
Kukdo Chemical Co. Ltd. ,007690.KO,South Korea,Commodity Chemicals,320,1089,8
Sanyo Electric Railway Co.Ltd. ,9052.TSE,Japan,Passenger Ground Transportation,320,285,22
SRE Holdings Corporation ,2980.TSE,Japan,Diversified Real Estate Activities,320,138,16
Pharmicell Co. Ltd. ,005690.KO,South Korea,Biotechnology,320,50,60
Genki Sushi Co. Ltd. ,9828.TSE,Japan,Restaurants,320,394,9
TOP MATERIAL Co. Ltd ,360070.KQ,South Korea,Electrical Components and Equipment,319,67,8
Alltop Technology Co. Ltd. ,3526.TWO,Taiwan,Electronic Components,319,70,59
Gift Holdings Inc. ,9279.TSE,Japan,Restaurants,318,151,20
Power Wind Health Industry Incorporated ,8462.TW,Taiwan,Leisure Facilities,318,125,79
The Bank of Iwate Ltd. ,8345.TSE,Japan,Regional Banks,318,311,17
Globeride Inc. ,7990.TSE,Japan,Leisure Products,318,911,23
LX Hausys Ltd. ,108670.KO,South Korea,Building Products,318,2718,10
Lumosa Therapeutics Co. Ltd. ,6535.TWO,Taiwan,Pharmaceuticals,316,1,163
Gaonchips Co. Ltd. ,399720.KQ,South Korea,Semiconductors,315,37,12
BuySell Technologies Co.Ltd. ,7685.TSE,Japan,Broadline Retail,315,264,15
StemRIM ,4599.TSE,Japan,Biotechnology,314,17,61
Trade-Van Information Services Co. ,6183.TW,Taiwan,Internet Services and Infrastructure,314,70,150
Bukwang Pharmaceutical Co. Ltd. ,003000.KO,South Korea,Pharmaceuticals,314,146,69
Partron Co. Ltd. ,091700.KQ,South Korea,Electronic Components,314,862,54
Formosan Union Chemical Corp. ,1709.TW,Taiwan,Commodity Chemicals,313,317,477
VITZROCELL Co.Ltd. ,082920.KQ,South Korea,Electrical Components and Equipment,313,131,22
Teikoku Electric Mfg.Co.Ltd. ,6333.TSE,Japan,Industrial Machinery and Supplies and Components,313,203,18
A&D HOLON Holdings Company Limited ,7745.TSE,Japan,Electronic Equipment and Instruments,313,418,28
Sankyo Frontier Co.Ltd. ,9639.TSE,Japan,Diversified Real Estate Activities,313,351,11
eREX Co.Ltd. ,9517.TSE,Japan,Renewable Electricity,313,2030,59
I-Chiun Precision Industry Co. Ltd. ,2486.TW,Taiwan,Electronic Components,312,152,218
Asahi Diamond Industrial Co. Ltd. ,6140.TSE,Japan,Industrial Machinery and Supplies and Components,312,268,52
The Shibusawa Warehouse Co. Ltd. ,9304.TSE,Japan,Air Freight and Logistics,312,541,15
Central Security Patrols Co. Ltd. ,9740.TSE,Japan,Security and Alarm Services,312,475,15
HWASHIN CO.Ltd ,010690.KO,South Korea,Automotive Parts and Equipment,311,1417,33
Promate Electronic Co.Ltd. ,6189.TW,Taiwan,Technology Distributors,311,820,212
Sinfonia Technology Co.Ltd. ,6507.TSE,Japan,Heavy Electrical Equipment,311,746,28
CRE Inc. ,3458.TSE,Japan,Diversified Real Estate Activities,311,367,29
Yungjin Pharm. Co. Ltd. ,003520.KO,South Korea,Pharmaceuticals,310,171,183
KOIKE-YA Inc. ,2226.TSE,Japan,Packaged Foods and Meats,310,327,5
Fubon No.2 Real Estate Investment Trust (01004.TW),01004.TW,Taiwan,Office REITs,310,17,730
Vaxcell-Bio Therapeutics Co. Ltd. ,323990.KQ,South Korea,Biotechnology,310,-,15
Taiwan Speciality Chemicals Corporation ,4772.TWO,Taiwan,Specialty Chemicals,310,14,138
Songwon Industrial Co. Ltd. ,004430.KO,South Korea,Specialty Chemicals,310,900,24
Riken Technos Corporation ,4220.TSE,Japan,Commodity Chemicals,309,864,63
QST International Corp. ,8349.TWO,Taiwan,Industrial Machinery and Supplies and Components,309,377,161
J&V Energy Technology Co. Ltd. ,6869.TW,Taiwan,Renewable Electricity,309,234,116
TEMC Co. Ltd. ,425040.KQ,South Korea,Semiconductor Materials and Equipment,308,283,11
Tamura Corporation ,6768.TSE,Japan,Electronic Components,307,751,82
Ve Wong Corporation ,1203.TW,Taiwan,Packaged Foods and Meats,307,210,238
Taiwan Steel Union Co. Ltd. ,6581.TW,Taiwan,Commodity Chemicals,306,75,111
Nittoku Co.Ltd. ,6145.TSE,Japan,Industrial Machinery and Supplies and Components,305,202,18
ENPLUS Co. Ltd. ,074610.KO,South Korea,Construction Machinery and Heavy Transportation Equipment,305,27,68
Shibaura Electronics Co.Ltd. ,6957.TSE,Japan,Electronic Components,305,229,8
BRONCO BILLY Co.LTD. ,3091.TSE,Japan,Restaurants,304,148,15
Sung Kwang Bend Co.Ltd. ,014620.KQ,South Korea,Building Products,302,201,28
Taiwan Sanyo Electric Co.Ltd. ,1614.TW,Taiwan,Household Appliances,302,192,259
Advanced Power Electronics Co. Ltd. ,8261.TW,Taiwan,Semiconductors,302,96,118
BioPlus Co. Ltd. ,099430.KQ,South Korea,Health Care Supplies,302,47,58
Motrex Co. Ltd ,118990.KQ,South Korea,Automotive Parts and Equipment,302,470,24
Neuromeka Co.Ltd. ,348340.KQ,South Korea,Industrial Machinery and Supplies and Components,302,7,10
Rechi Precision Co. Ltd. ,4532.TW,Taiwan,Industrial Machinery and Supplies and Components,302,504,500
Tanseisha Co. Ltd. ,9743.TSE,Japan,Research and Consulting Services,302,503,48
UNID Company Ltd. ,014830.KO,South Korea,Commodity Chemicals,302,1044,7
Korea United Pharm Inc. ,033270.KO,South Korea,Pharmaceuticals,302,207,15
CellSource Co. Ltd. ,4880.TSE,Japan,Life Sciences Tools and Services,301,34,19
Advanced International Multitech Co. Ltd. ,8938.TWO,Taiwan,Leisure Products,301,610,138
Zinus Inc ,013890.KO,South Korea,Home Furnishings,301,800,18
Medikit Co.Ltd. ,7749.TSE,Japan,Health Care Equipment,301,151,17
LF Corp. ,093050.KO,South Korea,Apparel Accessories and Luxury Goods,300,1449,29
Pharma Foods International Co. Ltd. ,2929.TSE,Japan,Biotechnology,300,482,29
Boditech Med Inc. ,206640.KQ,South Korea,Health Care Equipment,299,92,22
Lintes Technology Co. Ltd. ,6715.TW,Taiwan,Technology Hardware Storage and Peripherals,299,97,62
Pulmuone Corporate ,017810.KO,South Korea,Packaged Foods and Meats,299,2253,37
ISE Chemicals Corporation ,4107.TSE,Japan,Commodity Chemicals,299,180,5
The Oita Bank Ltd. ,8392.TSE,Japan,Regional Banks,299,488,16
Sinanen Holdings Co. Ltd. ,8132.TSE,Japan,Oil and Gas Refining and Marketing,299,2369,11
Seikagaku Corporation ,4548.TSE,Japan,Pharmaceuticals,298,241,55
SeAH Holdings Corporation ,058650.KO,South Korea,Steel,298,5185,4
SB Technology Corp. ,4726.TSE,Japan,IT Consulting and Other Services,298,468,20
Xebio Holdings Co. Ltd. ,8281.TSE,Japan,Other Specialty Retail,297,1661,44
JBCC Holdings Inc. ,9889.TSE,Japan,IT Consulting and Other Services,297,419,16
JETEMA Co. Ltd. ,216080.KQ,South Korea,Pharmaceuticals,296,38,18
VIOL Co. Ltd. ,335890.KQ,South Korea,Health Care Equipment,295,27,58
Zero One Technology Co. Ltd. ,3029.TW,Taiwan,Technology Distributors,295,436,154
France Bed Holdings Co.Ltd. ,7840.TSE,Japan,Health Care Services,295,407,36
Capital Futures Corporation ,6024.TW,Taiwan,Investment Banking and Brokerage,295,74,210
Broadleaf Co. Ltd. ,3673.TSE,Japan,Application Software,295,102,89
Longwell Company ,6290.TWO,Taiwan,Electrical Components and Equipment,295,234,154
Firich Enterprises Co. Ltd. ,8076.TWO,Taiwan,Electronic Equipment and Instruments,295,82,305
The Shikoku Bank Ltd. ,8387.TSE,Japan,Regional Banks,295,376,42
NIHON CHOUZAI Co.Ltd. ,3341.TSE,Japan,Drug Retail,294,2216,30
m-up holdings Inc. ,3661.TSE,Japan,Application Software,294,114,36
Gus Technology Co. Ltd. ,6940.TWO,Taiwan,Electrical Components and Equipment,293,1,214
SOCAR Inc. ,403550.KO,South Korea,Passenger Ground Transportation,293,325,33
Protec Co. Ltd. ,053610.KQ,South Korea,Semiconductor Materials and Equipment,293,123,9
Oriental Shiraishi Corporation ,1786.TSE,Japan,Construction and Engineering,293,446,133
Can Do Co. Ltd. ,2698.TSE,Japan,Broadline Retail,292,551,16
SOLiD Inc. ,050890.KQ,South Korea,Communications Equipment,292,251,61
Marvelous Inc. ,7844.TSE,Japan,Interactive Home Entertainment,292,186,61
Flytech Technology Co. Ltd. ,6206.TW,Taiwan,Electronic Equipment and Instruments,292,131,143
Furuno Electric Co. Ltd. ,6814.TSE,Japan,Electronic Equipment and Instruments,291,673,32
Senao International Co.Ltd. ,2450.TW,Taiwan,Computer and Electronics Retail,291,1007,258
JAMCO Corporation ,7408.TSE,Japan,Aerospace and Defense,291,379,27
DRTECH Corporation ,214680.KQ,South Korea,Health Care Equipment,291,72,72
Webzen Inc. ,069080.KQ,South Korea,Interactive Home Entertainment,291,143,30
STI Co. Ltd. ,039440.KQ,South Korea,Semiconductor Materials and Equipment,290,294,15
Genesys Logic Inc. ,6104.TWO,Taiwan,Semiconductors,290,74,90
G-SHANK Enterprise Co. Ltd. ,2476.TW,Taiwan,Industrial Machinery and Supplies and Components,290,207,191
Wei Chuan Foods Corporation ,1201.TW,Taiwan,Packaged Foods and Meats,290,659,506
Safie Inc. ,4375.TSE,Japan,Application Software,290,70,55
World Holdings Co. Ltd. ,2429.TSE,Japan,Human Resource and Employment Services,290,1300,18
SRA Holdings Inc. ,3817.TSE,Japan,Systems Software,290,301,12
SeAH Steel Corporation ,306200.KO,South Korea,Steel,290,1422,3
Key Coffee Inc. ,2594.TSE,Japan,Packaged Foods and Meats,289,466,21
Komipharm International Co. Ltd. ,041960.KQ,South Korea,Pharmaceuticals,289,32,70
Asia Cement Co.Ltd. ,183190.KO,South Korea,Construction Materials,289,883,39
FSP Technology Inc. ,3015.TW,Taiwan,Electrical Components and Equipment,289,472,187
INTEKPLUS Co. Ltd. ,064290.KQ,South Korea,Semiconductor Materials and Equipment,288,66,12
TATSUTA Electric Wire and Cable Co. Ltd. ,5809.TSE,Japan,Electrical Components and Equipment,288,430,62
Analog Integrations Corporation ,6291.TWO,Taiwan,Semiconductors,288,52,42
Tosho Co. Ltd. ,8920.TSE,Japan,Leisure Facilities,288,162,38
Kyokuyo Co. Ltd. ,1301.TSE,Japan,Packaged Foods and Meats,288,1862,11
Tonami Holdings Co. Ltd. ,9070.TSE,Japan,Air Freight and Logistics,288,981,9
Cheryong Electric Co.Ltd. ,033100.KQ,South Korea,Electrical Components and Equipment,288,106,16
Rock Field Co.Ltd. ,2910.TSE,Japan,Restaurants,287,354,27
Openedges Technology Inc. ,394280.KQ,South Korea,Semiconductors,287,5,21
Softcreate Holdings Corp. ,3371.TSE,Japan,IT Consulting and Other Services,287,176,25
IwaiCosmo Holdings Inc. ,8707.TSE,Japan,Investment Banking and Brokerage,287,142,24
Altek Corporation ,3059.TW,Taiwan,Consumer Electronics,287,378,277
Neptune Company ,217270.KQ,South Korea,Interactive Home Entertainment,287,52,45
Heung-A Shipping Co.Ltd. ,003280.KO,South Korea,Marine Transportation,286,144,240
Samsung FN REIT Co. Ltd. ,448730.KO,South Korea,Office REITs,286,27,77
Thye Ming Industrial Co. Ltd. ,9927.TW,Taiwan,Diversified Metals and Mining,286,273,167
GA technologies Co. Ltd. ,3491.TSE,Japan,Interactive Media and Services,286,949,37
MINISTOP Co. Ltd. ,9946.TSE,Japan,Food Retail,285,574,29
SANKEI REAL ESTATE Inc. ,2972.TSE,Japan,Office REITs,285,43,1
Tanaka Chemical Corporation ,4080.TSE,Japan,Specialty Chemicals,284,384,33
Korea Asset In Trust Co. Ltd ,123890.KO,South Korea,Diversified REITs,284,175,122
Sunrex Technology Corporation ,2387.TW,Taiwan,Technology Hardware Storage and Peripherals,283,761,193
Tsuzuki Denki Co. Ltd. ,8157.TSE,Japan,Technology Distributors,283,881,18
AIT Corporation ,9381.TSE,Japan,Air Freight and Logistics,283,468,24
EuBiologics Co. Ltd. ,206650.KQ,South Korea,Biotechnology,283,47,36
Nepes Corporation ,033640.KQ,South Korea,Semiconductors,283,406,23
PSS Co.Ltd. ,6914.TWO,Taiwan,Electronic Equipment and Instruments,283,123,60
Koatsu Gas Kogyo Co. Ltd. ,4097.TSE,Japan,Industrial Gases,282,638,55
baudroieinc. ,4413.TSE,Japan,IT Consulting and Other Services,282,42,8
giftee Inc. ,4449.TSE,Japan,Interactive Media and Services,282,42,29
Aucnet Inc. ,3964.TSE,Japan,Specialized Consumer Services,281,289,24
Fujibo Holdings Inc. ,3104.TSE,Japan,Textiles,281,253,12
Hyundai Green Food Co. Ltd ,453340.KO,South Korea,Food Distributors,281,-,34
SRS Holdings Co.Ltd. ,8163.TSE,Japan,Restaurants,281,385,41
HOTLAND Co.Ltd. ,3196.TSE,Japan,Restaurants,281,243,22
Tazmo Co. Ltd. ,6266.TSE,Japan,Semiconductor Materials and Equipment,281,152,15
Speed Tech Corp. ,5457.TWO,Taiwan,Electronic Components,280,576,171
ESCON JAPAN REIT Investment Corporation ,2971.TSE,Japan,Diversified REITs,279,39,0
ValueCommerce Co. Ltd. ,2491.TSE,Japan,Advertising,279,223,32
Kedge Construction Co. Ltd. ,2546.TW,Taiwan,Construction and Engineering,279,527,121
Cota Co. Ltd. ,4923.TSE,Japan,Personal Care Products,279,62,26
Roland DG Corporation ,6789.TSE,Japan,Technology Hardware Storage and Peripherals,278,360,12
Microelectronics Technology Inc. ,2314.TW,Taiwan,Communications Equipment,278,153,238
KINX Inc. ,093320.KQ,South Korea,Alternative Carriers,278,89,5
Cosel Co. Ltd. ,6905.TSE,Japan,Electrical Components and Equipment,278,262,33
Mercury Biopharmaceutical Corporation ,6932.TWO,Taiwan,Pharmaceuticals,278,0,416
POSCO STEELEON Co. Ltd. ,058430.KO,South Korea,Steel,277,819,6
Marudai Food Co. Ltd. ,2288.TSE,Japan,Packaged Foods and Meats,277,1548,25
CHUNGTAI RESOURCE Technology CORP. ,6923.TWO,Taiwan,Environmental and Facilities Services,277,34,83
Alar Pharmaceuticals Inc. ,6785.TWO,Taiwan,Pharmaceuticals,277,0,57
Humedix Co. Ltd. ,200670.KQ,South Korea,Pharmaceuticals,277,107,10
Swancor Holding Co. LTD. ,3708.TW,Taiwan,Specialty Chemicals,277,259,98
Biodyne Co. Ltd. ,314930.KQ,South Korea,Health Care Equipment,276,9,6
Chinese Maritime Transport Ltd. ,2612.TW,Taiwan,Marine Transportation,276,132,198
ALCONIX Corporation ,3036.TSE,Japan,Trading Companies and Distributors,276,1203,30
Tokushu Tokai Paper Co. Ltd. ,3708.TSE,Japan,Paper Products,276,578,12
Toyo Engineering Corporation ,6330.TSE,Japan,Construction and Engineering,275,1394,59
BASE FOOD Inc. ,2936.TSE,Japan,Packaged Foods and Meats,275,81,53
Hong Pu Real Estate Development Co. Ltd. ,2536.TW,Taiwan,Real Estate Development,275,8,333
Winmate Inc. ,3416.TW,Taiwan,Electronic Components,274,89,77
SanBio Company Limited ,4592.TSE,Japan,Biotechnology,274,-,65
Nova Technology Corporation ,6613.TWO,Taiwan,Industrial Machinery and Supplies and Components,274,292,69
Korea Circuit Co. Ltd. ,007810.KO,South Korea,Electronic Components,274,1107,27
TDC SOFT Inc. ,4687.TSE,Japan,IT Consulting and Other Services,274,250,24
Hua Eng Wire & Cable Co. Ltd. ,1608.TW,Taiwan,Electrical Components and Equipment,274,320,424
Hy-Lok Corporation ,013030.KQ,South Korea,Industrial Machinery and Supplies and Components,274,146,14
Fukuda Corporation ,1899.TSE,Japan,Construction and Engineering,273,1070,9
Panion & Bf Biotech Inc. ,1760.TW,Taiwan,Pharmaceuticals,273,64,86
Tomoku Co. Ltd. ,3946.TSE,Japan,Paper and Plastic Packaging Products and Materials,273,1468,16
TTFB Company Limited ,2729.TWO,Taiwan,Restaurants,272,171,36
DIO Corporation ,039840.KQ,South Korea,Health Care Equipment,271,112,15
Ever Fortune.AI Co. Ltd. ,6841.TWO,Taiwan,Health Care Technology,271,2,89
COWINTECH Co. Ltd. ,282880.KQ,South Korea,Industrial Machinery and Supplies and Components,271,198,10
Hochiki Corporation ,6745.TSE,Japan,Electronic Equipment and Instruments,271,598,25
Mirae Asset Asia Pacific Real Estate 1 Investment Company ,094800.KO,South Korea,Diversified REITs,271,-,93
Fuji Corporation ,7605.TSE,Japan,Automotive Retail,271,321,20
Genexine Inc. ,095700.KQ,South Korea,Biotechnology,271,5,42
FURYU Corporation ,6238.TSE,Japan,Leisure Products,271,264,26
Hong Tai Electric Industrial Co. Ltd. ,1612.TW,Taiwan,Electrical Components and Equipment,270,197,316
Nippon Thompson Co. Ltd. ,6480.TSE,Japan,Industrial Machinery and Supplies and Components,270,457,71
Sun Corporation ,6736.TSE,Japan,Technology Hardware Storage and Peripherals,270,209,22
Taiwan Puritic Corp. ,6826.TWO,Taiwan,Semiconductor Materials and Equipment,270,494,61
WDB Holdings Co. Ltd. ,2475.TSE,Japan,Human Resource and Employment Services,270,333,20
Yondoshi Holdings Inc. ,8008.TSE,Japan,Apparel Accessories and Luxury Goods,270,285,21
Iwaki Co. Ltd. ,6237.TSE,Japan,Industrial Machinery and Supplies and Components,270,280,22
Chenming Electronic Tech. Corp. ,3013.TW,Taiwan,Technology Hardware Storage and Peripherals,269,221,196
CMK Corporation ,6958.TSE,Japan,Electronic Components,269,589,59
Hanwha REIT Co. Ltd. ,451800.KO,South Korea,Office REITs,268,25,71
Sagami Holdings Corporation ,9900.TSE,Japan,Restaurants,268,189,30
B-R 31 Ice Cream Co.Ltd. ,2268.TSE,Japan,Restaurants,267,161,10
Bushiroad Inc. ,7803.TSE,Japan,Movies and Entertainment,267,338,71
Elite Advanced Laser Corporation ,3450.TW,Taiwan,Semiconductors,267,188,146
STX Engine Co.Ltd. ,077970.KO,South Korea,Construction Machinery and Heavy Transportation Equipment,267,461,28
Hiyes International Co. Ltd. ,2348.TW,Taiwan,Real Estate Services,266,153,116
Dainichiseika Color & Chemicals Mfg. Co. Ltd. ,4116.TSE,Japan,Commodity Chemicals,266,834,17
Hagiwara Electric Holdings Co. Ltd. ,7467.TSE,Japan,Technology Distributors,266,1361,10
Shinko Shoji Co. Ltd. ,8141.TSE,Japan,Technology Distributors,265,1267,33
Murakami Corporation ,7292.TSE,Japan,Automotive Parts and Equipment,265,651,12
P.S. Mitsubishi Construction Co. Ltd. ,1871.TSE,Japan,Construction and Engineering,265,786,46
FTGroup Co. Ltd. ,2763.TSE,Japan,Technology Distributors,265,272,31
Jiu Han System Technology Co. Ltd. ,6903.TWO,Taiwan,Construction and Engineering,264,114,61
Business Engineering Corporation ,4828.TSE,Japan,IT Consulting and Other Services,264,130,12
Quick Co.Ltd. ,4318.TSE,Japan,Human Resource and Employment Services,264,195,19
Sanyo Trading Co. Ltd. ,3176.TSE,Japan,Trading Companies and Distributors,264,854,29
Hoosiers Holdings Co. Ltd. ,3284.TSE,Japan,Homebuilding,264,604,36
The Ehime Bank Ltd. ,8541.TSE,Japan,Regional Banks,264,304,39
Kohsoku Corporation ,7504.TSE,Japan,Paper and Plastic Packaging Products and Materials,263,699,19
MarkLines Co. Ltd. ,3901.TSE,Japan,Interactive Media and Services,263,31,13
Taiwan Fire & Marine Insurance Co. Ltd. ,2832.TW,Taiwan,Property and Casualty Insurance,263,203,362
I-Sheng Electric Wire & Cable Co. Ltd. ,6115.TW,Taiwan,Electrical Components and Equipment,262,213,188
Wemade Max Co. Ltd. ,101730.KQ,South Korea,Interactive Home Entertainment,262,55,33
Mega Union Technology Inc. ,6944.TWO,Taiwan,Industrial Machinery and Supplies and Components,262,309,61
Hsin Yung Chien Co. Ltd. ,2114.TW,Taiwan,Industrial Machinery and Supplies and Components,262,52,78
Namhae Chemical Corporation ,025860.KO,South Korea,Fertilizers and Agricultural Chemicals,262,1383,48
TES Co. Ltd ,095610.KQ,South Korea,Semiconductor Materials and Equipment,262,198,18
Nagatanien Holdings Co.Ltd. ,2899.TSE,Japan,Packaged Foods and Meats,261,785,18
Nitto Kohki Co. Ltd. ,6151.TSE,Japan,Industrial Machinery and Supplies and Components,261,197,20
Korea Ratings Co. Ltd. ,034950.KQ,South Korea,Financial Exchanges and Data,261,73,5
Ho Tung Chemical Corp. ,1714.TW,Taiwan,Commodity Chemicals,261,701,1007
Keding Enterprises Co. Ltd. ,6655.TW,Taiwan,Forest Products,261,78,70
E-Life Corporation ,6281.TW,Taiwan,Computer and Electronics Retail,260,673,99
Advan Group Co. Ltd. ,7463.TSE,Japan,Trading Companies and Distributors,260,146,37
istyle Inc. ,3660.TSE,Japan,Other Specialty Retail,260,297,77
Curiox Biosystems Co. Ltd ,445680.KQ,South Korea,Life Sciences Tools and Services,260,7,8
First Hi-tec Enterprise Co. Ltd. ,5439.TWO,Taiwan,Electronic Components,260,122,93
Ampoc Far-East Co. Ltd. ,2493.TW,Taiwan,Semiconductors,259,106,114
Kanagawa Chuo Kotsu Co. Ltd. ,9081.TSE,Japan,Passenger Ground Transportation,259,737,12
SAMPYO Cement Co. Ltd. ,038500.KQ,South Korea,Construction Materials,259,616,107
Inforich Inc. ,9338.TSE,Japan,Specialized Consumer Services,259,33,9
Saint Marc Holdings Co. Ltd. ,3395.TSE,Japan,Restaurants,259,412,20
E-Lead Electronic Co. Ltd. ,2497.TW,Taiwan,Automotive Parts and Equipment,259,116,123
Coremax Corporation ,4739.TW,Taiwan,Specialty Chemicals,259,219,106
Federal Corporation ,2102.TW,Taiwan,Tires and Rubber,258,41,460
Vertex Corporation ,5290.TSE,Japan,Construction Materials,258,267,26
Ku Holdings Co.Ltd. ,9856.TSE,Japan,Automotive Retail,258,1081,32
E1 Corporation ,017940.KO,South Korea,Oil and Gas Storage and Transportation,258,5998,6
SebitChemCo. Ltd. ,107600.KQ,South Korea,Commodity Chemicals,258,37,5
Aizawa Securities Group Co. Ltd. ,8708.TSE,Japan,Investment Banking and Brokerage,258,97,38
Riso Kyoiku Co. Ltd. ,4714.TSE,Japan,Education Services,257,227,154
Jih Lin Technology Co. Ltd. ,5285.TW,Taiwan,Semiconductor Materials and Equipment,257,177,102
Okuwa Co. Ltd. ,8217.TSE,Japan,Food Retail,257,1794,44
Shofu Inc. ,7979.TSE,Japan,Health Care Supplies,257,220,18
Adaptive Plasma Technology Corp. ,089970.KQ,South Korea,Semiconductor Materials and Equipment,256,33,21
Echomarketing Co.Ltd. ,230360.KQ,South Korea,Broadline Retail,256,270,32
Tfe Inc. ,425420.KQ,South Korea,Semiconductor Materials and Equipment,256,50,11
INSUN Environmental New Technology Co. Ltd. ,060150.KQ,South Korea,Environmental and Facilities Services,256,175,45
FIT Holding Co. Ltd. ,3712.TW,Taiwan,Electronic Equipment and Instruments,256,398,246
Compucase Enterprise Co. Ltd. ,3032.TW,Taiwan,Technology Hardware Storage and Peripherals,256,232,112
Tsutsumi Jewelry Co.Ltd. ,7937.TSE,Japan,Apparel Accessories and Luxury Goods,256,127,16
Lin BioScience Inc. ,6696.TWO,Taiwan,Biotechnology,256,-,73
T&L Co. Ltd. ,340570.KQ,South Korea,Health Care Supplies,255,81,8
Eugene Investment & Securities Co.Ltd. ,001200.KO,South Korea,Investment Banking and Brokerage,255,1073,92
Jong Shyn Shipbuilding Co. Ltd. ,2644.TWO,Taiwan,Construction Machinery and Heavy Transportation Equipment,255,129,80
Korea Environment Technology Co. LTD. ,029960.KQ,South Korea,Environmental and Facilities Services,255,67,49
Telechips Inc. ,054450.KQ,South Korea,Semiconductors,255,135,15
LabGenomics Co. Ltd. ,084650.KQ,South Korea,Biotechnology,255,56,74
Ichigo Hotel REIT Investment Corporation ,3463.TSE,Japan,Hotel and Resort REITs,254,24,0
Kuo Toong International Co. Ltd. ,8936.TWO,Taiwan,Construction and Engineering,254,112,248
Charm Care Corporation ,6062.TSE,Japan,Health Care Services,254,262,33
Eco&Dream Co. Ltd. ,101360.KQ,South Korea,Automotive Parts and Equipment,254,40,11
Chips&Media Inc. ,094360.KQ,South Korea,Communications Equipment,253,20,9
Lumax International Corp. Ltd. ,6192.TW,Taiwan,Trading Companies and Distributors,253,212,96
Hanil Holdings Co. Ltd. ,003300.KO,South Korea,Construction Materials,253,1716,31
Asia Paper Manufacturing.Co.Ltd ,002310.KO,South Korea,Paper Products,253,733,9
Daewon Pharmaceutical Co. Ltd. ,003220.KO,South Korea,Pharmaceuticals,252,381,21
The Nature Holdings Co. Ltd. ,298540.KQ,South Korea,Apparel Accessories and Luxury Goods,252,425,15
K-Ensol Co. Ltd. ,053080.KQ,South Korea,Construction and Engineering,252,284,13
ISU Chemical Co. Ltd ,005950.KO,South Korea,Commodity Chemicals,251,1847,22
Stella Chemifa Corporation ,4109.TSE,Japan,Diversified Chemicals,251,228,12
TOA Corporation ,6809.TSE,Japan,Consumer Electronics,251,319,32
Shin Heung Energy & Electronics Co.Ltd. ,243840.KQ,South Korea,Electrical Components and Equipment,251,381,8
Adventure Inc. ,6030.TSE,Japan,Hotels Resorts and Cruise Lines,251,139,8
Hyundai Futurenet Co. Ltd ,126560.KO,South Korea,Specialty Chemicals,250,119,110
Hokkaido Coca-Cola Bottling Co.Ltd. ,2573.TSE,Japan,Soft Drinks and Non-alcoholic Beverages,250,373,14
DB Inc. ,012030.KO,South Korea,IT Consulting and Other Services,250,312,191
Neturen Co. Ltd. ,5976.TSE,Japan,Steel,250,398,37
Fixstars Corporation ,3687.TSE,Japan,Application Software,250,48,32
Te Chang Construction Co. Ltd. ,5511.TWO,Taiwan,Construction and Engineering,250,303,113
Riken Corporation ,6462.TSE,Japan,Automotive Parts and Equipment,250,635,10
Heran Co. Ltd. ,5283.TW,Taiwan,Electronic Equipment and Instruments,249,204,73
The Fukui Bank Ltd. ,8362.TSE,Japan,Regional Banks,249,342,23
Millie Seojae. ,418470.KQ,South Korea,Publishing,249,39,8
Daewon Kang Up Co. Ltd. ,000430.KO,South Korea,Automotive Parts and Equipment,249,838,62
UNITED Inc. ,2497.TSE,Japan,Application Software,248,108,39
Jarllytec Co.  Ltd. ,3548.TWO,Taiwan,Electronic Components,248,213,60
Alltek Technology Corporation ,3209.TW,Taiwan,Technology Distributors,248,1920,230
Kwong Lung Enterprise Co. Ltd. ,8916.TWO,Taiwan,Home Furnishings,248,307,151
Meiko Trans Co. Ltd. ,9357.NSE,Japan,Marine Ports and Services,248,567,30
Concord Securities Co. Ltd. ,6016.TWO,Taiwan,Investment Banking and Brokerage,247,109,595
Arealink Co. Ltd. ,8914.TSE,Japan,Real Estate Operating Companies,247,148,13
Daito Pharmaceutical Co.Ltd. ,4577.TSE,Japan,Pharmaceuticals,247,323,16
Cresco Ltd. ,4674.TSE,Japan,Application Software,247,338,21
Ingentec Corporation ,4768.TWO,Taiwan,Specialty Chemicals,247,36,39
The Akita Bank Ltd. ,8343.TSE,Japan,Regional Banks,247,290,18
Ray Co. Ltd. ,228670.KQ,South Korea,Health Care Equipment,246,106,15
ROBOTIS Co. Ltd. ,108490.KQ,South Korea,Electronic Components,246,21,13
Syncmold Enterprise Corp. ,1582.TW,Taiwan,Electronic Components,246,264,124
Nippon Coke & Engineering Company Limited ,3315.TSE,Japan,Coal and Consumable Fuels,246,1176,291
Tera Probe Inc. ,6627.TSE,Japan,Semiconductors,245,237,9
Sanoh Industrial Co. Ltd. ,6584.TSE,Japan,Automotive Parts and Equipment,245,990,36
Sukgyung AT Co. Ltd. ,357550.KQ,South Korea,Specialty Chemicals,245,9,6
Kawada Technologies Inc. ,3443.TSE,Japan,Construction and Engineering,245,873,6
Aichi Electric Co. Ltd. ,6623.NSE,Japan,Electrical Components and Equipment,245,792,10
OOTOYA Holdings Co. Ltd. ,2705.TSE,Japan,Restaurants,244,173,7
Tess Holdings Co.Ltd. ,5074.TSE,Japan,Construction and Engineering,244,238,71
Hiwin Mikrosystem Corporation ,4576.TW,Taiwan,Electronic Equipment and Instruments,244,84,120
GAMSUNG Corporation Co. Ltd. ,036620.KQ,South Korea,Distributors,244,112,90
HB SOLUTION Co. Ltd. ,297890.KQ,South Korea,Semiconductor Materials and Equipment,244,115,65
Prosperity Dielectrics Co. Ltd. ,6173.TWO,Taiwan,Electronic Components,243,114,171
Mitsui Matsushima Holdings Co. Ltd. ,1518.TSE,Japan,Trading Companies and Distributors,243,613,13
DingZing Advanced Materials Inc. ,6585.TW,Taiwan,Specialty Chemicals,243,82,69
Ocean Plastics Co. Ltd. ,1321.TW,Taiwan,Commodity Chemicals,242,170,221
Air Asia Co. Ltd. ,2630.TW,Taiwan,Aerospace and Defense,242,147,208
HL Holdings Corporation ,060980.KO,South Korea,Distributors,242,1024,9
HDC HOLDINGS CO.Ltd ,012630.KO,South Korea,Commodity Chemicals,242,4066,52
Morito Co. Ltd. ,9837.TSE,Japan,Textiles,242,354,27
Ohmoto Gumi Co. Ltd. ,1793.TSE,Japan,Construction and Engineering,241,665,14
Green World Fintech Service Co. Ltd. ,6763.TWO,Taiwan,Transaction and Payment Processing Services,241,50,18
Japan Communications Inc. ,9424.TSE,Japan,Wireless Telecommunication Services,241,45,165
Sesoda Corporation ,1708.TW,Taiwan,Fertilizers and Agricultural Chemicals,241,230,249
Sheng Yu Steel Co. Ltd. ,2029.TW,Taiwan,Steel,240,343,321
